"","series1","series2","series3","series4","series5","series6","series7","series8","series9","series10"
"1",-2.0249109406052,0.815700231399939,2.38041482527795,0.0178003195867079,0.0575390969483618,-1.45511312335627,-0.230879460963242,-0.93754455946416,0.404022922470408,-0.26391781642421
"2",-1.06460416471983,2.0206820952562,1.50447875468889,0.827080243985832,0.292388685475305,-1.23268848631096,-0.336303076061482,0.316856118993036,0.553432385705331,0.806453126124462
"3",-0.205388622860258,0.472741453532918,0.391486583764302,-1.081098490558,-0.51096130957208,0.111627921978575,1.33861350084538,1.0540787682796,2.20849692659203,1.01343011866741
"4",0.468951045708711,-0.0693482820995492,-0.067537472346781,-0.104657543651013,0.165427142174411,1.36406272690699,0.545505616765854,0.543276075745498,1.80715925154272,2.01856531928036
"5",2.09149734169516,-1.72434452235485,-0.299741837302459,-0.445048652671873,-0.734112815724633,0.768376044512241,-0.526978480617923,0.968596035857121,1.81724563316401,-0.91497318675078
"6",2.60464940277409,-0.406714123183965,1.73718537189043,-0.665457087659462,-1.28671380063032,-1.93456274753635,-1.05624254676577,0.734676005263317,1.54052153771635,0.430189541597269
"7",2.88403649731542,-0.19035860547252,2.59839592682354,-0.0239725677871564,0.667181809649052,-1.00433909732266,-2.43057433842206,-0.854446142959325,0.0543163688427849,-0.863769013807844
"8",2.64171054644528,0.587506538680347,1.45974479450862,0.496995428910628,1.74304408072064,0.889383321208895,-1.86952519544906,-1.87276387984666,-1.15255926527819,-1.53460036768356
"9",0.906648607336277,0.540625766133232,2.46580721143788,-0.414812389261371,1.5681050288805,3.01258656511441,0.613288292005533,-0.523107851000213,-0.908039813404923,-0.347133897745418
"10",0.342040328759359,0.348263669829357,2.0691916255539,-0.146288417107692,1.887511879139,2.67831256177857,0.906871134659675,0.745105886551018,-1.24576011249677,-0.270587135298427
"11",0.319819651028199,1.37842183968571,1.02541820795958,-0.276865366051865,0.812862037958616,-0.547060546426935,-0.268222765349188,-0.355399967418332,-1.16645143642879,-1.04600503485882
"12",1.04961176998381,1.45592180608132,1.13537276971027,0.29601399157555,-0.973103870300774,-2.02663100202037,-0.564588176288345,-2.30557809308861,-1.04996000483399,0.895507145985805
"13",3.38381306383053,0.882637811443848,0.359321573698514,1.89025979804744,0.900633245234725,-0.129455607577787,-0.0143241157707085,-1.68870111723314,-1.3568813924523,-2.20666944220358
"14",2.5474436234337,-1.2731060423069,-1.23436670694706,0.468641171061348,2.79007941428516,0.467221762205895,-0.813172609120857,1.33783017124486,-0.588422499670354,-1.92107240080053
"15",1.76008819683722,0.540144198215546,-0.31777200331092,1.03052809761809,-0.368432202937547,1.94123932804152,0.55491669202631,1.2985890070991,-0.0486182812850985,-1.36964456705802
"16",-1.28253494244676,1.35198608030107,0.86436006628515,-0.37986910717456,-0.533960078034843,0.678989771836605,0.0932147923898449,0.577982007268341,-1.22288303283697,0.598106173056688
"17",-1.59391758651282,2.88872147947628,0.215735809062004,2.56046133229546,2.02629308550708,-0.311804166959609,-2.39970378097031,-1.16350687090557,-1.43325808173822,0.302584773974957
"18",-1.66822624736776,1.71766479355068,0.987892758925825,2.32107539981276,0.761209531073907,-0.306652218761438,-2.61635329249664,-2.03052783811153,-1.20627000527748,1.01944393228066
"19",-2.36945239887895,-0.598050944517174,0.825725291029506,2.51400493756189,-0.629173710478086,-0.915341018085465,-2.29951147352846,-1.37519239522441,-0.487804009694487,-0.33125969647289
"20",0.588749816228467,-0.990334721887288,1.92537830110623,3.46235605418784,0.0110685075250263,1.44024707561075,0.073176226797564,-2.5339719964195,-0.44270817871678,-0.185472950996887
"21",0.484960667104239,0.666074297939735,1.33670800996055,2.71239383914788,0.175729011299488,0.948113429617575,-0.0102622933054648,-2.98028536325175,-1.1247759933431,-0.425186014679349
"22",0.660837864911304,2.01453588025273,1.01680661342585,2.50321628865351,-0.63444271812015,-0.787345863137461,-1.73716322103592,-1.39107875515404,-1.46306319999276,-0.649623021167074
"23",2.4779381762206,2.42408783077071,-1.50127091041612,2.05861622158734,0.210172464823894,-0.577187235882157,-1.34692946862185,-0.134293329731482,-1.07025389104576,0.385471665370178
"24",3.32098216101146,1.06176045196913,-1.47982946918956,1.40808887651307,0.856944383289709,-0.905883614426021,-0.595781933573643,-0.465959145510948,0.229557547342608,0.752465400753982
"25",0.906094700365248,0.732956293154878,-1.52200428456789,1.48223531194688,-0.194285297050116,-1.98354710408595,-0.557719896799186,-3.0751346001932,2.68194909613684,2.075205445779
"26",2.54312312143997,0.662216833348233,-0.14306387662354,2.06687312380192,-1.8441946136402,-2.30872561237226,-1.18429754967493,-2.43428200390619,4.7799728756001,0.296559459032671
"27",1.06370885618133,-0.0831260505373451,0.171610756053616,1.21044307145152,-0.415951225376336,-1.08496243691804,-1.21747076237907,-0.467531136893046,4.5628739862743,1.66871568739562
"28",0.217960957681584,-0.647621816717375,0.78221361699181,0.849354895470884,-0.615856345677505,1.52317897401935,-2.13507019574975,-0.667261093384587,3.16607412605395,-1.99019852555707
"29",1.44256909330833,-1.28317453936071,-0.0811527043455574,0.485506183224335,-1.09826814740265,1.04035135907492,-1.88220578726004,-0.826955883994387,1.80801901195611,0.947938600345828
"30",0.41136046373993,-1.62279536210026,-0.215394893083657,1.53509302138486,-1.8337773976553,1.46967619075948,-0.89528100250153,-1.4651314914312,0.614589282072748,-1.53891131299527
"31",-0.100262773990125,0.307359562700897,-2.87836706432005,1.15659535279848,0.467964308613505,1.09332686567844,-1.11132832883666,-1.31905302292258,0.327228019144165,1.03436682888063
"32",-1.02544900726936,2.14198392005215,-3.28763878227069,1.54099519560703,3.23429951615477,-0.709659569256235,-1.14249089394065,-0.385800529951102,1.8420337512162,-0.483595048385369
"33",0.959640697630107,1.15097235378941,-3.67076766601504,0.949275331144627,0.560169597447699,-0.89955670797115,-1.28561658708719,-0.131624309232461,1.73030881146003,-1.30673312158113
"34",-1.47949294230057,1.82694508046375,-4.30770332203595,1.10616584512174,-0.508853181299978,1.1146419085665,0.171417256458418,-1.51074438153123,3.50961140692487,-0.816290919911861
"35",-1.68867303329475,-0.221077553754694,-3.76624344263684,1.56925768688356,1.20149978357604,1.28872996574452,1.66991193703503,-2.31773867347654,0.659282807176821,0.189554266610728
"36",-1.81912764709591,-0.369964850412478,-4.38110627004649,2.23688093013434,2.84609681892113,-0.413094810172472,0.794761401347601,-2.43060259898195,0.39709741174092,-0.139671086523645
"37",-1.33336588381372,-0.514326344978182,-4.15357796846476,2.02910616021011,-1.30842279068718,-1.13802439916354,0.366197786677429,-1.56741241362729,-0.98202061864952,1.88857198907145
"38",-1.83372986062817,-1.67297843198771,-2.65537367903123,2.25190443738638,-0.937143696776708,-0.692352940430787,1.44050959381856,-0.49647463177366,0.754000554038799,1.93408060863651
"39",0.245387486116374,-0.390554820787014,-2.45852637439773,1.74840545070188,3.60006229420018,-0.689763429676037,2.50456266948366,0.386644453836501,1.82368555981856,1.54820281647667
"40",-0.0227950209949306,-0.915595331770312,-3.00201662160213,1.51757014337263,1.75438796963438,-0.457459111678081,3.24222226546788,0.637774381720237,1.29236514743801,0.22582052347459
"41",-0.7182220192309,-0.375923328359186,-2.01030775424464,0.883629473407513,-1.42732478140234,-1.13951244464522,3.61576268085056,1.09869295420303,0.727131220843189,-0.129705438215693
"42",0.204506165748279,-1.20385813477456,-0.738004011056627,1.69327694971583,1.09200518979485,0.141260153697942,3.50264634577973,3.1476650459229,0.6833080762542,0.494200475792042
"43",-0.544923829565242,-1.59425707664205,-0.128664950187919,1.242907178112,2.41556765076073,0.839194456868415,3.44955397507285,0.222340781173438,1.51055750145177,-0.705112580149467
"44",-0.959369894308779,-1.17731310523807,0.185384255077221,1.26407534904425,-0.554876725345493,2.16798864150932,2.31804809131826,-0.724724655765579,2.18303865364394,2.07187423987746
"45",-0.764231447606536,-0.897109099501741,-0.569946534558788,2.39218018583441,-1.64111358970668,0.725490746375196,0.0837450718230863,0.963296005236094,2.47533179199463,-1.51023931000452
"46",-0.348631599997307,-1.16333122208577,0.527055644255349,2.1088293911933,2.49587543948321,-0.192671512488331,-1.43428755716987,1.77312147780026,3.5171231260891,1.07692721114493
"47",-2.31352830835189,-0.120565253467643,0.223039105657503,3.40799495428871,2.19239035616325,-1.67790764138317,-2.48367108792003,2.15999421076569,3.06223218357065,-0.081457507054397
"48",-0.422458371162262,-0.984156291972394,-0.0592586038537148,1.54566014249816,-0.344714247848109,-0.523035993233568,-2.12479204907059,1.14847459507309,4.3819055853923,1.70347140993655
"49",-1.24199355317377,0.226966902948301,1.63268869818686,2.58433399256268,-0.649304351083429,-1.66949140666576,-1.31035680859302,1.98168930362767,1.58500064100449,0.820214083407743
"50",-1.18696761346641,0.458124705490228,1.09609779947885,3.79596303548011,3.15136381796235,-0.217815016861063,0.27095357465271,1.83924698171344,0.696696040130963,-0.443622964116849
"51",-0.0901422771347449,2.30353494362647,2.16934091047059,2.42112377926442,2.33009296103898,1.61698511774793,0.651941209087325,0.947928341466128,0.443571292976579,1.33734959944095
"52",0.667675801637084,2.80800928589518,1.93215257176155,2.52624810980454,0.269281336108467,0.715513099171689,0.435454517899767,-0.0511537792051416,-1.28776568429038,-0.41157392300753
"53",1.13992134146231,3.01945895842898,-0.141667763812308,3.06134166438201,-0.282046159834374,0.293080506792176,-0.00485467244188031,-1.03395514703606,-1.4139548858418,1.61504073776236
"54",0.919556107300135,2.51575883911644,-0.1852515176945,2.93446220221324,0.557396897764513,-0.778611878902737,-0.408123821615668,-1.97443216751074,-2.27473284622475,-0.0324261680100937
"55",0.412303116880328,0.70964639877784,0.27836270309013,2.59382899414233,0.766527817731422,1.10803009182125,-1.22564603412107,-0.77785024013442,-0.923340789629499,1.26431274978165
"56",0.992575146704386,-0.0149368960407723,1.55655692713116,3.0082678964908,0.73702803207207,1.34076978539413,-1.24629705605008,-0.242951908540021,-1.32753805999139,0.554197380118989
"57",-0.312287107796029,-2.09707070208677,2.1753708062234,2.47436943939784,1.12084439708511,-0.35176263446534,-0.163095893681334,-0.168625430993041,0.890604419483618,1.15224675307686
"58",0.619102542716887,-1.99907600658888,1.6941690446195,2.57709784698441,-0.443088861577647,-0.234177179667212,0.273161944273932,-1.62118119919412,1.23421214167812,0.688973585631062
"59",2.25836648724647,-1.66041813059344,3.27053943020114,3.86706384898325,-2.08880618899713,-0.275243945818341,1.05731699289926,-0.261243717008801,0.533615232777352,0.44296266509404
"60",1.97228508760561,-0.189817340910204,1.95942787826392,3.1970135928564,1.09264196858804,1.68231450947764,1.40264137163134,0.87884896499105,0.470249629065717,0.389643813961593
"61",1.58585320369232,1.09304798722704,1.72623598435468,3.25411366607423,0.479227290120749,1.07280435621736,0.277541176056978,0.00276319473168611,0.223215996345828,-0.593059471421197
"62",0.077934160631834,1.34729588309267,-1.01889189507562,4.73006673510258,-1.55830763932067,-0.676315613261415,0.0706761958037683,2.20121368389933,3.1548101564093,-0.92105244766113
"63",-0.152481639748793,1.80815888015025,-0.957359077071114,6.56598288555107,-0.167193869479418,-1.3237912136952,1.03248150642655,2.42814217503479,1.63380300027557,-0.731320028630536
"64",-0.542435448192896,0.114256945592457,-1.63591881648951,6.14123251684236,-0.97260041430718,-0.44204188360687,1.22476485282963,1.99659857580766,2.86923227822321,-0.629175915524315
"65",0.135252327728603,-0.151200150075592,-1.48500770296257,5.66046484163149,-2.89950382384412,1.61795031929092,2.2692482222626,2.2168823143166,-0.0637046077449535,1.89504710361667
"66",0.335641071834251,-1.38050509119858,-0.532579737802459,6.2195308656267,-2.27602743511996,2.98339749348852,3.47869696851159,2.13785379524851,-0.0239255362273026,0.162106140129693
"67",-1.75416648008068,-2.16941474944357,0.157810580692534,7.02598319120528,-0.627505131650096,0.601557493049473,3.50974040009539,1.79816108810456,1.61919403784866,-0.973217463425672
"68",-1.03183970614865,-0.694980682909205,0.485856696586112,7.04516484535001,0.533366695811853,-2.95712956451923,2.10326988751341,-0.0669934676486814,0.966366975994888,-0.892747531949615
"69",-1.95966176075328,0.949620463077897,1.10636349015929,5.66703619934931,-1.48195759594085,-4.32354505459005,3.15601699673706,-2.0535948925069,0.495204716513286,-1.69246986139024
"70",-2.88402032280527,0.281231675576748,1.21150304821801,6.63130746029998,-0.600597281217764,-1.22136714526105,3.43351678232737,-3.02230415892655,-2.66122760027016,-1.12834571746681
"71",-1.50221420487168,-0.0767911058883919,0.898566028486421,4.5057012250868,-0.229993416248862,3.8713500378968,-0.58135686037622,-1.64984070835891,-3.49057426778001,-1.79495588344087
"72",-2.5863882261262,-0.703596411862175,1.44314406729362,5.44253281096236,-1.14894414290257,3.66735111001892,-3.58292699427443,-0.755287470237091,-0.420189969549391,-3.22335620234153
"73",-4.65820759454544,-0.323185134702763,1.66473183089205,4.1624771158702,1.27628365942968,1.29704320632049,-3.43457840528183,-1.13294030612111,0.0429592140210772,-0.0641691065328101
"74",-1.48652231760566,0.402954157335078,0.712815100635157,4.69505482555244,0.406830126057759,-2.38802075332435,-3.09207535466162,-0.725611359655388,2.78464999129127,-1.36456082060112
"75",-1.73860497264691,0.289371478137684,0.0736346975454958,4.91483169776624,0.279230614885825,-1.58654384981514,-1.89405600300734,-1.50723330503943,1.53405046177614,0.0443883473463062
"76",-2.32824041781942,3.39659790611957,0.823320847607211,4.08726907255398,0.333610358779341,-0.486569023708851,-0.0134667180085177,-1.82993515430607,1.82837473004657,-0.759170997619936
"77",-1.88969481141858,2.51087152143985,2.67828351378636,3.76896676071026,-1.00171803145414,0.899879462838269,-1.1590748778464,-1.46955176225433,-0.0597878999700491,-0.225134232725607
"78",-3.1665118277879,2.10835860946781,3.61375201312741,4.17163580291151,0.526041742726919,2.03577645501837,-2.2496277564151,-1.01364779559106,0.0854194424922828,-0.91838151414262
"79",-1.23889367239472,-0.195265022121724,2.65190513132665,4.49423442793946,0.704465034276773,-0.422762512870918,-1.25373443910066,-1.44329767717467,0.243040303206668,-1.04033628296048
"80",0.852218788292797,-0.577054735434222,1.7425488154083,3.51232164850288,0.327654056425862,-1.23262181099995,-0.840061319748606,-2.74788656720253,1.69310716862338,0.289780943244341
"81",1.05657191009876,-1.73743728475365,0.824431319791652,2.99899095527208,0.130633328420776,1.22310697930092,-1.83429510078872,-2.92883998332037,0.192991510650522,-0.0188604819892261
"82",2.68279681594278,0.142731376752788,1.57458549895977,3.19826265236887,0.553067758273131,0.484695828698411,-0.576833772931969,-3.62966884657984,-1.18754909554222,-0.519002999223546
"83",1.54107887464877,0.835879551742298,1.71849143771624,2.4632394800885,0.636464299104231,-1.07736953557193,1.02586343606169,-3.08406131553328,-3.22251035144301,1.35886767990512
"84",-0.0963900566845255,0.389275954791894,0.870679231815493,2.28829720973026,0.331636491594119,-0.401369147672581,-0.0221375221378299,-1.23690783087973,-3.31187233513529,-1.3611470315555
"85",0.705461371521919,-0.564794343668401,1.2015306594333,1.60089616711485,-0.421720439670765,-1.85334048419106,-0.34364572255916,0.357889019124671,-3.43866359347747,2.40306873724208
"86",1.11337493334592,-0.803750821079215,1.94181421061843,2.10162138928877,-0.561871945459661,2.19984431915862,-0.530991697451111,-0.308486575599403,-1.97530199099571,-0.857772656134062
"87",0.505691195527702,1.01727532808782,2.65832283453927,-0.291670696901358,-0.239173647697304,2.38983980490768,0.308524106498641,-0.320510778381108,-0.287628183418657,3.19418107061365
"88",3.32307827139479,1.04917647690469,0.250503733530159,-0.435035160413515,-0.217026110299434,0.529726282533035,2.19219778483824,0.54750118062631,0.859024878691413,-0.0256926904341432
"89",3.16609154404999,1.07029923370973,2.16701233707991,-0.342238522229889,-1.28897996722443,-2.14806598981127,1.59698821202509,-1.31897772482017,-0.231553461201552,1.22052076965032
"90",3.44712481898489,0.810638682350187,0.842888928441456,-0.129870454320704,0.704379183772043,-2.6275153768427,0.587522268201503,0.453101339259741,-1.55251955013183,-0.687813756809467
"91",3.10225106064688,1.5015262653952,0.116943005107672,0.0617135498123935,0.878384589643014,-0.250573272619551,1.18626016900991,1.46214202540631,-1.72478996608535,0.164610391205553
"92",3.47322122287047,0.984934405804317,-0.875437540363466,1.67528551246365,0.297242134788249,3.46567857675811,1.28667159861418,0.823074762223058,-2.95020205166989,-0.418571610964836
"93",1.71374865174772,-1.20403426394621,0.128609028456195,1.08806979790505,0.760375119794595,2.46849825973464,0.315307609604981,1.09078803665965,-0.967570049535545,0.752131502708986
"94",1.33664186853209,-1.4191546381626,2.4571332689441,0.634170145210058,2.33702931978391,-0.539122787649788,-2.06210140249578,0.871758797693117,-1.10251768306702,0.625626728765265
"95",2.23296642705613,-2.20145817541498,3.78142235689295,-0.560903282298079,0.618238904155712,-2.58844955283423,-4.49633214230057,1.77073559276566,-0.34069027536308,0.986044909597521
"96",-0.874873836173107,-0.0352246358869172,3.09747856432629,-0.137163491335345,1.22873731819545,-1.56399383124251,-3.89199614281059,1.58003442237613,-1.26991966036767,-1.13663475612531
"97",-0.447223927313998,0.149481642030225,2.67418552908782,0.741944874773553,1.17302088280547,0.690578054053218,-3.95863813411307,1.26286131217678,-0.989799387464446,0.176771789638654
"98",-1.4831743025333,0.661985046080981,1.36647596403303,-0.0743304131123264,1.50829587914475,0.184663669384554,-3.96601893970105,2.35801638168481,0.491145209908007,0.682262395956483
"99",-1.73331316607417,0.739569768631942,0.83998387593316,-0.702721544249588,1.73486950630495,0.571805171596712,-4.1941420954524,2.31942934630977,-0.562504575847957,-0.226679467701388
"100",1.43933704672965,-1.81740251605827,-0.638644801531452,0.890710675046295,1.56559692940993,-0.512989539186397,-3.57748996620961,0.642915213638,0.287121585202722,1.78274618926863
"101",1.15801188991149,-0.873701717373494,-1.23149350743244,-1.42322742053559,0.612654249876187,-1.16803891403401,-4.32995353251275,0.997446958749201,-2.82871308286642,-0.855916725858756
"102",2.78309038486236,-3.80717098629008,-1.00599319837449,-0.223930408472169,1.10763158917927,-0.965135679549272,-4.49449447248557,1.78582185087721,-1.88747064299806,-0.397755020221388
"103",2.96360872531801,-1.98614484001487,-1.97996979118031,0.0346208888457059,1.21024981595522,1.80771830629206,-3.14046119638128,1.78732858692847,-2.59429345057227,-0.276159156949404
"104",1.90027426584698,-3.27623379229367,-0.886487988270496,-0.281449061675208,-0.42514028638981,2.96295975662558,-2.36573201065692,2.61328912463418,-2.46243663051271,-1.37386819430524
"105",0.763810229852205,-0.899985669169238,-2.18457959432275,0.0580419411639101,-0.803116562836105,0.704055167770813,0.011962869665602,2.21392677526682,-1.62719126735377,0.713397202174294
"106",0.660482299379606,-3.6286792775549,-2.33445342446601,-0.598436200441873,1.62306792396768,-2.58446490367455,-0.0793564508104791,0.33535154030293,0.0579638350341865,0.662622020031947
"107",1.46279316928293,-1.67831102447554,-2.04792333921257,-1.10275127759785,1.69107916418113,-0.0640000030053234,-1.57539081748226,0.173380259142756,-0.632342345152721,0.878648659836788
"108",2.08322958625878,-2.04648093167157,-1.52290336832679,-1.76574011257001,0.87823363382742,-0.658612662613637,-0.604140186221104,0.183363868796981,-0.669251736408754,1.42411341469497
"109",3.2034664065917,-0.456874096014692,-0.92514128355488,-3.17140083363683,0.309714228981842,-0.343525173791179,-1.31434404343633,0.596019058108237,-1.79040772906287,-1.59414830908101
"110",2.86800661303231,-0.342044763858914,-2.23447941291486,-3.23753200266132,-0.508982442656945,0.366485248553424,-0.839785813271278,1.6818713706433,-2.18659103187272,1.55860688856696
"111",3.04330607919624,-0.09506242053804,-3.33365537422196,-2.33293530018243,0.971173265499009,2.46574043787219,0.836316430447181,0.277528677029883,-1.42570254269823,-0.996909706794121
"112",0.622433107654435,2.29616877803794,-4.93944074292046,-0.562107301945767,0.449858987153601,1.25104545833324,0.836383504518336,-0.750622021637123,-1.30934447006393,0.14489753199122
"113",1.40400962168194,3.00158022014182,-5.17775817962537,-0.659361210543828,-2.11230922512948,-0.721326345521863,0.552663385457494,-0.00151746691893591,-1.36975932847755,-0.628060424492803
"114",0.342016037323542,2.60280352957373,-3.06612162963642,-0.292739819117066,-1.70369058203476,-2.11403115520517,0.190667857645224,-0.8327992093831,0.354685835191455,-1.30536700878794
"115",0.584036135923051,-0.109411214143447,-2.87484581627986,-0.914882754152333,2.362787984617,-2.194119637507,0.498810581803848,-1.6434358457396,-0.550826948302101,-0.99925750793557
"116",2.72295875725944,-0.114401968985519,-2.03644126483227,-2.14579477368583,0.735824433093547,0.817112109847254,0.690790460118569,-2.34420017428792,-0.124693781307112,-0.499101063913151
"117",2.28839623430055,0.496414355676081,-2.45603207066031,-0.0670268825217643,-1.80437478243484,2.87731307228083,-1.84170304371665,-2.63552878687967,0.155262928544192,0.010123835288984
"118",2.55920875661768,1.74084624640718,-3.50317777624848,-1.22142110754936,1.02117143403573,3.72620591358109,-2.41151465491271,-1.90182689224778,-0.784705961792922,-1.03917418169258
"119",1.39050217385956,0.776079201191496,-3.38812266516889,0.211164755358871,2.32036958103879,0.987619207636868,-1.66026313852042,-0.300999931652605,0.0854145830801801,0.133040889915597
"120",-0.80545973726458,1.78378531060587,-2.97101128152644,-0.640354105595024,-0.0448190986549361,-4.30269535109124,-3.17898331921862,-1.00094617745486,0.955471162862344,1.16493040133976
"121",1.93431867071763,1.42429547557406,-2.78272570485076,2.27440222262282,-1.42727859201259,-3.26728111897468,-1.93800047137323,-1.54805622686898,1.62803643090546,1.79442449566702
"122",1.03482116491199,0.31276053620886,-2.76782383829742,1.47202651030166,1.72093157817458,-0.844343684067513,-2.39491451234845,-0.438996541257971,2.29925721019141,-0.114040077218679
"123",1.00721235424094,0.493411535734369,-3.27080888479557,1.21578484540704,1.19428404690039,1.50937583488327,-3.24655923640845,-0.453170554148003,0.153117256121161,1.42492720286158
"124",0.834343746669322,-0.475625859968666,-2.33645738982278,-0.283567823030243,0.200048636175699,2.22870291204291,-0.511094166704828,-0.849364771541353,-0.0456896418855251,-1.49337265283075
"125",-0.628126310321229,-0.713083493507396,-1.22522382708944,-1.49267240899715,1.16610121770011,1.23428473842056,1.18371428198141,0.481293267394705,-0.26592301559641,0.106811279359949
"126",0.935693987069279,-0.843744478513558,-1.11765043761293,-1.39230266162651,1.14846921181496,-0.0435234914164173,2.0423343080501,0.998401491349916,0.632155592270215,-1.13743304441549
"127",1.46493369469662,-0.176451045154982,0.0847436726720349,-0.874193713332181,-0.809922214348593,-3.43647183555195,3.16678207105583,0.942834790097512,1.09590651356064,-1.00424606701167
"128",0.715562144035363,0.285330362738828,-0.0333634900232215,-1.05348813810083,1.2778292726712,-1.87756587432673,1.39156292706038,0.810518041052396,2.40844908613616,0.552955368496772
"129",2.33969483851668,0.152928712165316,1.60680387260892,-0.688359982647321,1.29078639793634,1.06535351425176,0.392780441494767,1.57314585340281,2.35232131637264,-0.470283315035573
"130",1.26582683096237,0.181894118033571,2.57063003583767,0.347495245046265,0.0903403617080235,3.20993735743875,0.0303868613840987,1.1002666978836,3.38709561918812,1.30478040613124
"131",-1.05650743645009,-1.02137583831351,2.28711118358011,-0.765317147772681,0.132212481523795,1.1262885387584,0.134520895276412,1.08494643655103,1.86665801287027,1.66604352460119
"132",-0.690619470273989,-0.874412655616279,1.76144087589552,-0.905120362397151,-0.25274069365614,-0.435221460448129,0.318625887549878,0.0611538749101868,0.0237409779909303,-0.290308998366147
"133",0.870112660186252,-1.90171233232399,0.598229890969148,-0.976726138402681,-0.57399922046009,-1.00795563537317,1.2058601837807,-2.52155695143881,-2.07087840989503,-0.596072393846599
"134",0.802241346426132,-0.912606131718162,1.84712002792524,-0.406029194043656,0.336920444149161,-1.67296540465555,0.229532339099817,-0.387677231738887,-2.69830141842315,-0.470072214884168
"135",2.54959194014176,-0.0195215099643339,-0.0208981613143584,-1.01257794278469,0.70042406051232,-0.382241549812045,-1.71486306471049,0.276539791539655,-1.60635844953507,-1.20276712368531
"136",0.347985890493608,-0.314207036917316,-0.240929451397209,-0.280913824507597,0.914297456086861,0.731205368919887,-1.77434264380966,0.117030179729573,-1.30405280856223,0.399382219420533
"137",-0.605013584055102,-0.609973438744849,-0.112585182225649,-1.37816158652354,0.346714485212879,1.23770351551726,-0.341923011636831,1.01770988409378,-1.07805329790064,0.0473766383160819
"138",-1.41244978731144,1.8701051981593,0.0858088996073681,-0.943098620925302,-0.282818793416727,1.11280072464626,0.833399948939971,0.642467347704688,0.11216130345427,-0.758222157197276
"139",-1.54357275981143,1.18974845473685,-0.997105331073734,-0.995631833741863,1.14484130258288,-0.485382425200302,0.536411350877765,2.14515774525604,0.516581919184948,-0.138492750826199
"140",-0.183538408055666,2.14907841345676,-2.41293642148624,-0.849749356615825,2.08138479314081,-3.60387493922943,1.50873456044819,4.16202296782212,0.599006253237205,-0.784905163279842
"141",2.17840573261147,1.0505458791524,-0.818797001001914,-1.02842574615253,-0.417290398490304,-1.7062603298527,2.11789657419377,4.14194946606584,-0.459525220883266,-3.80054136251984
"142",1.92646817638428,1.76444167627219,-0.0155371478305079,0.334634449765098,-1.32934062379105,3.43192664709336,0.968532765404685,2.16409151001743,-1.61765838730978,-0.884065221765326
"143",1.72668225573613,1.93326072769723,-0.101162044100088,-0.75987430771094,1.12808399855143,2.71003284097368,1.49566233783386,1.4410917280375,0.036457746246091,-2.02346744352501
"144",0.858134702240837,-0.173047752859681,0.2627825819546,-0.683362893899228,2.17978190834644,-0.0564008657390855,1.54632053155351,2.46137971636079,0.676992658321095,0.0573445123914696
"145",0.556008287101013,-0.0492307949328217,0.917676915496511,-0.908534480896482,-0.0971484723266843,-1.31864370154153,-0.382103487066406,0.187710633714222,1.91402911761508,-0.827127988755084
"146",0.1680830757627,-0.13328042458156,0.754656531056965,0.35322313263906,-2.02103936573542,-0.926122125701773,-2.31076429618694,0.875168577632351,2.12847640850277,-0.204873260001143
"147",1.09571138731545,1.39407327620002,0.653593359645887,0.313917526103408,-1.2080735066304,-0.158994566158138,-1.5254690720389,2.46289733370778,1.45999215283278,1.22752954689465
"148",2.16281082028137,1.20180922876535,-0.381744211714806,1.16936902840754,2.34972798793715,1.05914073342885,1.39375030504579,1.07559807152263,2.13010538119345,2.46233279996688
"149",0.312708847034998,1.04898402513398,1.58264580122544,1.59392468285223,0.617434932822351,1.24334420179623,2.07485754875149,0.995199550478435,1.53131526267364,1.18384274558259
"150",-0.000173453173050508,2.00928055449442,0.405686734147675,2.7745995725605,-1.22198553930617,-0.542060344017917,0.211074449700302,0.358979140773771,0.246364819736321,-0.526646527501871
"151",1.41447314560917,0.409752495728349,-0.128238254652085,3.53977712978044,0.453839987768315,-1.61201079567803,0.985137693329009,-0.322017420978221,1.26221813854122,-0.300282402862858
"152",0.293031554743342,0.225259071410604,-0.422263735559593,4.28291193219638,-0.136246631034998,-1.40423443798794,2.79147166683251,0.222264561732875,-0.232696102035567,-0.177197364224844
"153",0.45116738841639,-0.576012848837548,-2.08089998201619,1.49996885170985,-0.420198801821319,0.831390963619604,0.939968460185576,0.0984797919861888,0.602627745651474,-1.83722329606358
"154",1.80377833536598,-1.95558054990175,-2.52420873985078,0.886178645532117,0.111639616622133,2.22689976834561,-1.28596816077135,0.0810085442516851,1.43107154331772,0.189860700816813
"155",1.42553366430967,-0.281552352699167,-1.8550033442351,0.787530509889696,-0.846199868212964,1.01375646888519,-3.50355332044567,0.13394681507498,1.6121252974224,-0.396795152343718
"156",0.803321886217659,-2.05749768335444,-3.04523827235148,1.09450190344107,-1.66501216342657,-0.44046535442021,-4.64787937837578,0.0872735223178107,1.1961868857196,1.25837738124103
"157",1.77301560191907,-0.258450320477058,-3.60496724063608,0.607944882030468,-0.0517078762276115,-1.58339658856891,-2.1867826236828,-0.00930634463504006,0.654044681203821,1.61269843210943
"158",0.116951016539226,-2.06537486960029,-3.67515094600742,1.55608627647687,1.33386783904763,-1.37280617289155,-0.301626170303654,-0.282562562229105,-0.614360165953255,1.64817081424574
"159",-1.19055812450625,-1.50293188941013,-3.42300803658528,2.1007372937284,-0.820151553082854,-0.719461926580169,0.0901518377050753,0.539031212204294,0.455363563056266,2.11536259980286
"160",0.2162795263271,-2.78992093944776,-0.108863747775361,1.25401016600406,-1.02882545154563,0.97024429054637,0.46721395602537,0.973616359932559,1.68223867364364,2.16312579299363
"161",0.881371763540846,-2.40249979807439,-1.00361209903662,0.938906755662795,1.47758455441164,0.0949881519285617,-1.16253902909004,0.378412692072611,2.36957655328546,0.65878720780282
"162",2.30740330801832,-2.97857230480022,-0.952865425929359,1.04542844233212,-0.268557136792088,1.39045874913025,-2.21551385358633,1.1600626224701,2.77999067198938,2.32219044319662
"163",2.5950628383467,-1.32462183976735,-1.47860566872641,2.71001146141608,0.0964228773801803,-0.704510384889888,0.282156328682735,1.02347865236988,1.82846463066848,-0.24487211821824
"164",3.09311429099411,-0.284869996038377,-1.22078571558697,-0.0879089500400477,0.823415994246751,-2.35364077025594,1.49516411370571,-1.27205354466905,1.27864468637106,1.4961128490347
"165",3.0102765482762,-0.123396454319297,0.239174843604406,-0.00208472166307283,-0.0317602963168851,-0.513000067192941,0.131188492920006,-0.908341416582908,1.22548280439445,2.26327741611359
"166",2.46413914982562,-0.716688726742731,1.03459488782045,1.6987419227571,-0.613900659537805,1.26357391995675,-2.0168520056484,-0.348289402433301,0.54458892649349,-1.71562469294323
"167",4.34684521682199,-0.0617543924456718,2.31874160324298,2.04560414140437,1.87662216392994,0.597663538583368,-1.35823469146741,-0.731210556581852,1.93539477263213,1.11135811434878
"168",2.5779187804832,1.23248803481677,1.01186929849059,-0.736537941746122,2.69265691263669,-1.53167969756083,-1.14334106610133,-0.630256154867187,2.84606818293488,0.327551813411641
"169",2.07490129047007,1.77491239332086,1.90268873613877,0.948400042879269,-0.213894732131961,-0.303209264952396,-1.10107872084279,0.538615312201369,3.34360603301518,1.71378566072703
"170",2.26559352719578,3.01262210784078,-0.193278734093524,-0.74939282422412,-1.22579675755948,-0.487016265718331,-1.35791670724244,2.07626064499014,2.31016074296849,1.17375947851832
"171",2.41892469745699,2.59816461222553,-0.0902721069808329,0.586298814750365,2.1859053738567,-0.344345718537144,-2.27145501378202,1.22823599986343,0.714373734525074,1.64389466764191
"172",1.24254889520023,2.84511258276352,-0.410531097196834,0.616901335802236,1.26208803620715,-0.758021779235938,-1.77672106486297,0.814744105015995,-0.305386008062259,0.15293326655457
"173",1.58378649032114,2.28818435797572,-0.38092210768032,1.23325363604264,-1.66659479791555,0.848661779837767,-1.24157524577142,0.17377578687813,-1.22345561738157,-0.136170990145039
"174",0.513862957226714,0.847199655602391,0.77213226004546,0.0512865973100788,0.65826602909202,1.0065208103695,-0.464688727876757,-0.305452419249996,-1.54170436306443,-0.045496380124439
"175",0.0335800155729005,1.50513282824194,2.10123681332075,3.00936649267936,2.35539488253368,-0.966693737914222,0.585137915442145,-0.255425910590495,-1.00771769724365,-0.569725363803927
"176",0.581527325788666,0.941644227289795,0.868902976432603,2.16407715007024,1.8301541963523,-0.519361833930437,0.692253361534034,-1.39741092495072,-1.38138238319266,-1.48594414577967
"177",1.65847852230947,2.71372496733048,0.633236791089686,2.98969010763124,1.54987904584759,-0.506662407169706,1.47742982270681,-0.118449803289852,-0.405345795669419,-1.79206024779336
"178",1.27843566830941,0.931064910485107,-0.0710156900383289,0.692928991778118,1.21140987161971,-0.667147529294639,0.633527371238764,0.860790982223746,-1.16393957836641,-0.0064618878293396
"179",-0.11878850129208,1.97445280763775,0.543132235014302,2.38851063806276,1.35369252579996,0.805984926421795,0.0369404504291457,1.27699396505104,0.183597971757168,-1.0511592331306
"180",-0.858936815369244,-1.87197651230529,-1.38336345793837,1.60742133025144,2.00998893881003,0.0740929799581996,-0.330267081630399,2.27604905585612,-0.464478715875536,0.122962592606389
"181",-0.39867984847959,-1.04723142138239,-1.40317035551533,1.4802136006218,1.3243726606584,-0.407601804200855,0.443296255438222,2.1184011805305,0.774758516258984,-2.13668331392648
"182",-0.31367557311537,-0.648535050230198,-2.03606955063946,0.385348830023468,0.764090284988942,1.14824793676695,2.50897565069722,1.61748678268639,2.0745514531424,0.698020197380825
"183",-0.20973498926888,-1.17392531450255,-0.595719761625607,0.972670317850292,-0.0732652785987424,0.78482610633851,3.17862801113143,-0.0724840872753352,1.56759822824436,-0.320008274466664
"184",0.799874634159525,-1.31650536679145,0.382614993353594,2.29801831236959,-0.724794530633111,-0.854326516208659,3.27349547523749,-1.46908124208344,1.65196804610425,-0.268563846676837
"185",-0.274573922006643,0.56751590251789,-0.931195139469617,0.0760960218434229,-1.20642106159608,-1.31069994027905,2.06298922714842,-1.08901555864494,-0.861770394131609,0.0884900908142144
"186",1.34471320982529,1.57545855292924,-0.282056542948511,1.33504277830723,1.8278738436284,-0.949860648871428,0.499997956790373,-2.97228282276637,-0.763304805744947,-0.668221814953898
"187",1.13224209320107,3.29318560778522,1.12659553823269,2.87916600581544,1.8091537621455,-0.341536281610907,0.284828514224827,-3.11958628447396,-0.142102962452806,0.57694031436746
"188",0.636943384610578,1.5155965334458,0.974162144451596,1.79754961668858,-1.82508502685954,1.97506653828908,2.38182250799202,-1.99292818833612,1.96050485083734,1.59658318595978
"189",3.04293466772851,2.37675552540674,3.11558921521075,1.48250219205012,-2.8763765123966,2.68945882918485,1.6074600935593,-4.20756337661506,2.15574980913209,0.915090715733532
"190",2.27726769079279,4.51157930469623,0.49535931058327,-0.154311992125122,0.752444301743556,0.304503052607912,-0.568363486791136,-4.80103022990263,1.68132236176407,0.389974241007448
"191",2.3440361301567,2.31668246108756,2.02523039467705,0.997507017671955,0.729862315279714,-1.21782868863479,-1.98436943928425,-3.76705806155642,0.296434023115201,-0.87751876856857
"192",1.18336811629674,2.72644038467722,2.98188340673943,1.98812688509835,-1.99446707760264,-1.91718209799098,-3.55054818540442,-3.37296785133013,0.9850443141612,-0.798489201853862
"193",-0.465427818127334,0.200570421085612,4.1257509133419,-0.387002600330698,-1.61292992708979,0.0342133949454004,-2.80451972377257,-1.05900392847214,0.741321433360655,-1.23453820148832
"194",-0.689512543974486,1.36105443827876,4.77652664197648,0.845429838994447,0.573872209011859,2.31499392974764,-1.88837515427828,-0.0958733531336577,0.290382922610457,-0.618845903140739
"195",-0.949402304956725,-0.597132324015435,4.41647853266118,0.51897562503733,1.64404165638573,3.40436949944884,-0.0189804072255284,-0.106243190815138,0.221587825059349,-1.85279829970908
"196",-0.814221431004305,-0.766473019520929,3.08880495754235,0.785204049069788,-0.157419725396239,0.422277215233579,0.452588792634956,0.395789029528255,-0.499669908897983,-0.752161817193134
"197",0.0309286951939774,-2.29677578969358,4.05399000689157,0.599332977180932,-0.790311248437602,-1.95709389079273,-1.57162409150982,0.933367915475988,-0.202952916151056,0.00215611729557508
"198",-0.235836575043013,-0.561332430344691,4.80894410376799,-0.268449950741651,0.79737550994805,-2.28941759051008,-2.4501752035354,1.31898849089642,-1.01711676547149,-1.31182548143837
"199",0.000972181200823874,0.710707992437825,4.71594769554522,-0.902940170590813,0.611669344659073,1.29426849687814,-3.02277257449631,1.28607232921126,0.233496222645938,-0.110781302434238
"200",1.11811133951889,1.06848904633208,3.49269822657823,0.146816747503119,-1.18593248281292,1.92347662996363,-2.21209164007781,0.775133797199429,-0.0977343101348763,0.448921928591442
"201",2.03904738319507,0.482264483772931,1.70814376816062,1.52706453401565,-1.1544888812351,1.36933615920188,-0.938926384559876,-1.44552309905369,2.38243179921691,0.300233327447676
"202",2.7095330713195,0.1921216328124,2.00688275084776,0.71675514890792,-1.02260922970969,-0.668817118805203,0.348180237230802,-2.03596315623946,1.39890182067517,-1.6199275596729
"203",2.73729747721595,-0.052598074251799,1.43677216324847,1.67890545763046,-0.748991563343944,-1.08949274776716,2.50761408057702,-1.23999449216468,2.32478693947936,1.29757901084673
"204",4.293764944721,-1.65237290335972,1.18172633750408,1.86502227584525,-1.05626195628423,-0.890814583975944,2.84549499185153,0.585590942031609,1.48904214792078,-2.41187960742266
"205",2.42848750125893,-0.87167498522356,1.82000459961142,0.957435577160287,0.942253864115696,-0.595726726437283,1.96731277941389,1.55616461085327,2.28244163332341,0.135307246379365
"206",3.180281997687,0.14544239578607,1.36546277908319,2.29400874915807,-1.41799747675813,-0.404408074588786,1.84770199265304,0.760330131319295,2.94425098310513,-1.67835453424547
"207",1.94152662091788,1.918997020181,0.386828976221304,2.9355562762895,-1.64436718855854,-0.658501538501078,2.40320060165563,0.249373247109369,3.68071848470899,0.41744983995695
"208",-0.941978379451663,0.154754300620081,0.934054724612575,3.9914918180711,0.594264978986709,-0.937424995373759,2.07740975512291,0.643323644871804,2.0271458509191,-0.202457786481523
"209",-1.53702128269969,-0.822486288529533,0.59671830651742,3.94777077486202,0.638971693698725,0.841503755282226,1.09087935750996,1.0534662513258,2.7171572545141,-2.56823822673968
"210",-2.17579590196967,-1.15398468627123,-0.828374839569175,4.03505054913967,-1.52702505930829,0.479135427402157,1.78160098607647,-0.428849433417778,1.41406183663666,-0.672565346468779
"211",-1.43762590068315,-0.975111198058819,-0.600916740901914,4.52222535058384,0.738974875236561,-0.408413108316998,1.16346279163481,0.193749638133234,1.81377112014993,-1.67202655022356
"212",1.11894881279391,-0.580757369514011,-0.293552092596433,2.76423332669154,1.54743637372761,0.437428598755237,0.118183852086115,-1.64607160059904,-0.638995347250257,1.0116334628155
"213",2.85813082300018,-0.812649444112963,-0.805603791571485,2.93497227217624,0.154424333070252,-0.358219340890672,0.541321089369182,-4.47987659677267,-0.238272617745294,-1.43687328281262
"214",1.98368818567848,-0.99901062388449,-0.99513007443869,2.44016956719712,-1.26298300414574,-1.27061453026161,2.08675479887399,-2.76163962593478,-0.0911915814559904,-0.144511514820895
"215",2.48877910518753,0.678593884220226,-1.34718186956762,2.41795925086087,0.0401449950158862,0.221670881056314,3.90562601873791,-1.45816570289239,-0.350800210080182,-2.75120460398209
"216",-0.732423325524292,1.77227297458005,-0.674160614944442,2.18795743876867,-0.482803810339971,3.24553502293726,4.84417916801282,-1.94482076485525,-0.0164255188352,-0.452178631214435
"217",-0.198147315248173,1.94452468746798,1.26443036995878,1.82328337323873,0.519318345564578,0.957901425004678,3.61230583618154,-0.387819594406802,-0.518940574173979,-1.75196585885788
"218",-0.173165704459453,1.03735916752453,0.171267773179307,2.24613340917011,1.34856742936405,-0.777858564367441,2.43443679604816,-0.0961821065068531,0.340796147603963,-1.69310491585883
"219",-1.41849645492043,2.16838298947869,1.93255224452993,-0.119960777723687,0.553298538725282,-1.19393300507447,2.18692439719126,0.693264423857115,1.61290766512365,0.290162618706269
"220",-0.0220004109753879,1.82698057593507,2.53495335714975,1.51035102228608,-0.360388163131187,-0.165023680576971,0.867047117741782,1.37186955443541,1.97616405751149,0.157858372132203
"221",-0.533127888709633,2.80716809675484,1.92318964385527,0.579950896609086,-0.350730712087618,2.47997954839062,-0.213438538485964,1.71674247321662,0.921892913433976,-0.537998682793283
"222",-0.745000588963383,2.24882705271789,2.21959752649264,1.19619669144219,0.60539624687809,4.31183818453399,-0.0438488216070895,2.68862129950055,1.54704452677566,-0.600801922665832
"223",-0.0227455994084366,1.51760310993843,1.76294249611458,0.420025579426287,1.32083074301452,1.00642944751552,1.46386184348076,0.75844921122458,0.916901215389883,0.057882233443377
"224",-2.27057807073104,0.660285449860261,3.22018148745512,0.0791087928988648,-0.129622168656452,-0.391567852189166,1.87136300607453,-0.536115606559429,2.88239004018527,-0.389448091868406
"225",-2.87002035876414,-0.478945391457354,2.31857186933932,-0.579771964327733,-1.42477762488166,-4.39710467263186,0.0962131943463325,-1.99255334592397,2.83188156147426,0.132096475972228
"226",-0.992797082131206,1.79543551139288,0.837758158052928,0.322151647386204,2.02985681327641,-2.40367997409885,0.273014190197937,-2.69496140483523,3.83704946228723,1.07104737845961
"227",-0.108383688199764,2.98045718211618,0.751717140611563,0.0840459530784868,1.77362932751783,0.782247538116192,-0.448524615161613,-0.87279910332421,4.09149388579624,0.20431798797759
"228",0.349876566558846,2.28224384870265,-0.362942789004728,-0.389228110517089,-2.31793410602308,1.94793781907864,-0.783075450986847,0.0757079869114224,2.35803251208662,1.87753378778002
"229",0.629049735767069,0.720627608570455,1.09817572633401,-0.0287055537586201,0.526404259378057,1.23828030917809,-1.3366311171962,2.32063809907227,1.69122364979871,-0.0250097329718
"230",2.14439709260149,-0.0392027821082815,2.00408708338618,-0.484121097315237,3.96910283979277,0.318557241853303,0.588521356627425,3.6094282268285,1.57015471823661,0.340560076026418
"231",1.60346613571289,1.86505979500632,1.09639395222917,1.58129544738566,0.0368039157523328,-3.3588612785093,2.67968975032723,1.75467061737592,2.20968052247623,0.880772556566936
"232",1.35954650677885,1.22663501641776,0.55165588074903,1.80117092186978,-1.79794128585499,-3.33542863030768,3.23680871275437,-0.564543047498168,4.34662310906906,-0.905172341286596
"233",2.48098531690318,3.80733583126654,1.22145961093617,3.38189876064985,-0.616718828093353,-1.67489957223568,6.49045387630711,-0.219883769749926,4.06848614689588,-0.698718580254886
"234",0.925360867444649,1.73289449437868,0.773385508859928,1.81953520089414,-0.327888725876558,1.46924943798042,6.82495820569703,-1.18566651041185,3.86555024911405,-1.03659845552493
"235",1.6653038408798,2.19061982041803,0.0957145354375685,0.944661444795582,0.223763015129638,2.50105453423612,3.71534212475971,-0.659107296138038,2.6292088189926,1.23094788879489
"236",3.88366100102508,0.863316202140283,-1.47537009154121,1.30287856986073,0.938915916175262,2.4965279513149,1.5552906283449,-1.28233526479456,1.21652974479999,-0.148989655770319
"237",3.45474312711197,-0.0898060358930092,0.752796578068284,2.1756147267494,-0.888512574861779,-0.64541583345301,0.471078123073985,-2.76681916937435,1.0249944631672,0.303760406004323
"238",4.43438627998669,0.0700524269185454,0.615889989040917,1.04666703220626,-1.67114108761115,-1.92363071634345,-1.38595482382898,-1.46014695380201,-0.498309200087522,-0.516316315715738
"239",4.71595354722559,-1.12669280264454,0.865605891702535,1.41753771920261,0.5535718603525,-0.0767285862051241,-1.45918078285312,-1.15387773227375,-0.706458524037505,0.925143957929326
"240",2.96261229480785,-1.18748781988868,-0.173419835164228,1.9504769990706,0.306438979842184,-0.34492707893426,-0.612071705394436,-0.749904822634551,-0.0336749944313838,-0.307885393153165
"241",1.76984322761188,2.25350300746558,-0.177462844417771,2.12736547282798,1.62736206439681,0.368741132751546,1.7087386706839,-0.586482347368691,0.763696962997741,0.0624239701432975
"242",1.66007032360937,1.57621450590918,-0.547985164858838,0.324767825757348,0.908708445698499,0.498293713754684,2.5041456534597,-1.13260389788125,0.743939486718058,-1.21941029190589
"243",-0.028765830141513,0.920208816465041,-1.47580184652711,0.214604524394515,0.353239959431357,0.496394459370546,1.89405710916136,1.23643346787876,0.494623998476737,-0.456804438016733
"244",-2.02533659015773,-1.993950514961,-0.142096257927662,0.826083873740398,-1.20937967915659,0.721002079169932,2.81013788631387,0.864990326635544,0.298029151414785,-1.4143964518302
"245",-0.597337692152618,-0.554605952173207,0.111388534256598,1.97711650501626,-1.91548416110378,-1.06863215527798,2.12708729512853,1.07180671086985,0.340725479843332,-0.51715342111721
"246",-1.18359047759796,-0.386661957788601,0.0559917370072537,1.41128019915849,-0.0108658955511807,-0.160079521593032,0.15843176540066,1.69543895838481,-1.78593785282232,-0.520760234430376
"247",-1.63221576885007,-1.73511916513381,-0.737380179473362,3.13969054998269,-0.610876376429937,-1.36004607686175,-0.382910028768151,-0.106058977963588,-1.2756007809894,0.594995891470199
"248",-0.278626942674042,-1.31075035983877,1.10160781664889,2.50183814946433,-2.83884893636393,0.494774755460107,0.547735756923038,1.22812863577435,-0.703538633717662,1.54648372846788
"249",-0.352699412735586,-2.76213620468034,2.83683260939973,0.901115884749434,-2.30478109274469,-0.125641793661198,2.53448023783281,-0.0299109944247119,-0.63487378057636,1.12100731823093
"250",-0.00605264947337142,-1.03112122159553,0.182043364696801,2.06137783142243,-0.765753175073967,-0.117723789499207,3.66183734523021,-2.65207930729701,-1.05694670283766,0.382562024510509
"251",2.74557895349764,-0.826426444600516,-0.552549995812595,1.59733434509849,0.82236632005231,-0.935111799882677,1.41481962756753,-1.2397610074282,-2.93464725197191,-0.514895469655823
"252",1.55649394188272,1.30281433848792,-1.5889771120411,3.0800418047323,-1.45781377840529,1.70748667985698,1.01267525720911,0.110137064942332,-1.61011363460192,-0.886722152771632
"253",1.04525110818682,0.678344171639806,-2.10170192299796,1.53332557698359,-1.45908049358598,2.50800857202538,0.665497101153516,-0.0409158034103995,-1.58357646281794,-0.631587082641338
"254",0.869375890866047,1.51961165480634,-3.63009040394252,4.00964829296942,-0.54654719542565,1.30777356972619,0.227454599569258,-0.105807499284692,-1.4146960376658,-0.783085025946134
"255",-1.38615168856771,0.680526809045969,-3.54947261196596,0.514992584886816,-0.861377379035112,-1.0601811949054,0.591350157845933,0.0617672063319203,-1.85506303903661,0.793980768270079
"256",0.221555311171082,1.21509280158583,-1.52945291645516,1.56451735004631,-0.955938486194503,-1.18696828780449,0.565755719323021,-1.30260169245675,-1.79909063502016,-0.0759595978324479
"257",-0.359801333451965,0.490025292379879,-2.90299424100772,1.76549298819562,0.531936988522643,-1.84526339558643,0.210696164978249,-2.82070275120043,-2.38516027095533,1.04280228349994
"258",-0.476745347809129,0.839948095506201,-0.276958685082754,0.426976532958334,0.416040428073093,0.881654137762766,-1.48424546377777,-2.2786395372706,-2.0520543525198,-0.017060840990602
"259",1.42223091431285,0.74856174905274,-0.110083911612846,1.4644090882629,-1.6056970649666,2.08864541566889,-3.18022086015831,-0.24691687985318,-0.890460874252355,-1.00717320242279
"260",0.500267841969904,-0.00857954927412546,2.43437896482474,0.950757696490505,0.438894115348784,1.72267532829962,-2.18958159007832,-1.3120416297457,-1.21953112832587,-0.881765607684973
"261",0.0834089758926771,-0.90089021732755,2.68842250827869,2.66534412501351,0.473136753809278,0.317773803281412,-0.008691098131268,-2.38152063771956,0.00869974529365902,0.436373040351218
"262",1.84527457594153,-0.110495840069618,3.84292408064103,0.897457077222562,0.600974551820668,-2.07908548361116,0.95723428152437,-2.03427432946148,0.366457310730986,-0.647619075667948
"263",1.68347026208011,0.405578838052511,2.94592747140615,0.218549897558828,-1.05847225336957,-2.60165364617155,0.753671753386003,-1.9136071533972,0.885077166352628,0.971224129001248
"264",1.88203119781611,2.96977674318686,3.93692084135685,1.66340967014598,0.192565189262698,-1.46812004807397,0.176048726661964,-1.7941251152781,1.99204179042386,-1.02392394266833
"265",3.27226178404865,0.212135007786417,3.5664179266662,-0.416918894638986,0.499525155702906,2.01281378181689,-1.12517827168688,-1.92416387629014,1.20843614140854,0.231453610381684
"266",3.0310276135942,0.487473377772366,2.65946271331208,0.0783831191190736,-0.73970765496971,3.8530230585956,-2.21176717176698,-0.704629301149454,1.87104850266308,-0.754077768938078
"267",0.687443897925441,-1.04261269398106,2.7794981350501,-1.27839360472312,-0.75279297633201,2.67257095229018,-1.77999639486463,-0.833689467417562,0.0051594710533166,-0.547324819568984
"268",0.147160571747555,1.12180675852401,2.53195941401356,-1.48649776216481,1.96207333875179,-0.249981587494347,-1.72750518776172,0.0473644058353254,-1.68165298735387,-0.632187976648041
"269",-0.654686309657607,0.517692771957375,2.2193511696096,-2.24800860316703,2.51748818020671,-2.39135089610225,-1.38825585731536,0.407613623857171,-1.16914346133906,-0.136391485328218
"270",0.322341392738915,1.69188537965878,0.593012840894966,-0.149110370143881,0.898175209349406,-1.8218228869815,-1.07476456720239,-0.0377452373967681,0.598035882251597,-1.39423336043725
"271",-0.468567224782945,1.48777636194004,-0.369483014444169,-1.02178339824369,-1.15335099027915,2.3463300337895,-0.284492633582861,2.06008028784272,0.319586906305604,0.435697794707808
"272",0.482665579984001,1.65978426053315,-0.932464612169636,0.671210589600161,0.39126468725886,3.53048720114562,0.382047614694775,1.76433262317324,-0.000909177397103222,-0.56734667790905
"273",1.83508720430643,1.75953488044433,-0.613129481652725,-1.53478154170553,1.30893542747113,3.28603549859853,-0.656815125684089,-1.65936470080872,-3.58713653659721,0.403757647732409
"274",0.590689762015686,1.55310657901155,-0.571965996947123,-1.00915288761417,-1.64061604460946,-1.02927607644661,-0.837559963802067,-1.32698981691916,-4.30405318278834,0.746592646228449
"275",0.385945187804001,0.408041841617853,-0.950422082093659,-3.32261292812893,-1.933801817791,-2.37031005625451,0.154737677098378,0.186713280276996,-4.64209208746224,1.24093037849081
"276",2.0625869699552,0.00847233023188609,0.989068087769053,-1.47084326425953,0.276693271318547,-1.91606025933623,-1.19978857492835,-1.92234164162077,-3.68646882401912,0.0692711978297179
"277",-0.648368008048245,-1.46770056075519,2.37560430695199,-0.613482097986657,-0.214360941352103,1.45716801423015,-3.91333326592002,-1.88221012895141,-1.94292249698072,1.46131213885064
"278",0.729053988772173,-1.18960516588007,2.5261487481159,-1.00027992413746,0.635825653152246,2.20184958674276,-3.95743353005082,0.813675378282384,-2.35874243568161,-1.13891063949575
"279",0.885432132819359,-0.169712878984197,2.26745033390102,0.0871884754930964,0.886631914939797,1.59531458406005,-2.88602359762218,-1.26852910375585,-0.878299759522527,0.0606090060105303
"280",0.0290441411476815,1.64894013884514,2.33435579586328,-1.66884852082486,0.891828763805905,-0.743369436105264,-2.93169786723592,-3.83951579692285,-1.47631429015955,-1.31249882433883
"281",2.3664289203035,1.93957217622169,-0.619448515183322,-1.166884419743,-1.18135023995653,-0.484365369205543,-2.81764773709841,-2.81531676375521,-0.974392565914573,1.13358923045735
"282",1.02527088328037,-0.807715439780359,0.488873210646072,0.789509590590984,0.101825511585105,-0.385730040252742,-1.35740939172545,-0.0252394805240446,-1.46102850773726,-1.69736483367559
"283",2.2335747820266,-0.744390180704277,-0.556816409517365,-0.154513126573078,1.69956443260906,2.06116262896981,1.24943806207969,0.754175784979226,-0.929651646018875,2.37582064058326
"284",0.0477270344121946,-2.15212295544631,-0.401133755157259,-0.11430304185434,1.32045061803265,-0.0403539381829821,2.61684305884133,-1.0499138115121,-1.76459073735973,-0.538003362669801
"285",-1.84855401420451,-0.424639847256078,0.789327641502765,-0.00386696557061102,0.626741521170063,-1.18937311115894,1.95172034415706,-1.33832737578626,-1.46935367173778,2.12585086133461
"286",-1.37105930724278,-0.533121781109594,0.0741040235258988,-1.15860706770008,-0.252759649325123,-1.35215997235871,0.541913013395258,-0.894122722332216,-1.79049516664012,1.16880861654816
"287",-2.15867824165274,-1.488643993489,0.359984964379175,-0.827385012836431,-1.04006955863785,-0.540521751442257,-0.585460348047852,-0.850442949165131,-0.815860644307996,2.17086963626135
"288",-1.76039108394636,-0.681754714774197,-1.91281722623336,-1.09303629135495,0.638867907771785,1.19455926672278,-1.06035523479727,-0.322136968814764,0.513858744882455,0.60733700797749
"289",-2.88271636978855,-0.993054995442792,-1.35420947382922,-0.418800990405629,0.42447716230488,2.38430318213424,-1.48408252814932,-0.332937085264736,-1.39283693627075,2.04109967619062
"290",-2.13870554258291,0.419925665578326,-1.86336688420577,-2.40521278921936,-0.874572577735785,-2.03368342502667,-0.492603793743405,-1.45824622908947,-1.5820777808265,1.09043472297751
"291",-2.59463915476139,0.252452475266028,-1.9220176842275,-1.6506076943874,0.278573695905178,0.775000316437861,0.370391871363074,-0.745611974651259,-3.4583718002787,0.24026091415967
"292",-0.903319382518491,-0.380998892525538,-2.70267091868436,-2.67109717629349,2.03732825834243,1.23379434037714,-0.0697311681043876,0.841086479499321,-3.59918991360076,1.01723457490938
"293",1.23888233838911,-1.5150127430355,-3.1521461400082,-2.61504049493139,-0.0285566269845774,1.67420949283725,-1.39920773411974,1.48237318579066,-1.3065673060309,-0.102306277809325
"294",0.814047796923049,-1.33895333073322,-2.45576789392889,-2.17447223676596,-2.24917490124903,0.95205126178794,-1.47112718915067,0.887931479722084,-0.28270081188965,0.832071842472752
"295",0.894340289934424,-1.85522039661428,-1.30094258502162,-2.16771519484438,-1.75597381064814,-2.26571114988017,0.365360545516387,2.61389711850829,2.023550486563,-1.32053810691234
"296",0.818889865217094,0.453501742239401,-1.07143037270356,-3.05479093362701,-0.444309521106618,-1.85549928327568,-0.03093720204189,1.46411141828561,3.5288768786842,-0.440085399489196
"297",0.361291949298577,0.879463457618395,-1.48546522217013,-0.641025538227433,1.0433832785186,-1.02094741528678,-0.0287336958506027,-0.618016308016528,1.80695562573666,0.189827926586338
"298",0.400948456031474,2.55067601374905,-1.52085238967105,-0.732446489597912,-0.486631758642151,3.30298798063795,-0.263308703132197,-2.21922665680753,1.48623844112895,0.331764269800116
"299",1.37328128896263,-0.0352490867583328,-0.573661156097052,-0.175895888957072,-1.05320215880814,3.80281923573234,-2.13322621190936,-4.0191068264732,-0.148613139102209,0.877906197147239
"300",0.0331736186784447,-0.304091382367299,-2.15667216130591,0.59562286834897,-0.0367362040730265,1.24062076255278,-1.30239691316483,-3.44633918822544,-1.31102030119132,0.606626801963125
"301",1.17279467671583,-2.64139228951776,-2.04996168829947,0.35075986064546,0.919083435450976,-2.34450943727549,0.254318301951041,-1.52348018376239,-1.88497067705669,0.351928838416682
"302",1.90765111695763,-0.0768666360233271,-1.09698785658281,-1.51087689447833,0.109607850291493,-1.94551565059908,2.59434105082793,-0.913533812229455,-0.790117915613178,-0.222653902380757
"303",0.450825096412265,0.556992053236988,0.0361040299784239,-0.640497786124079,-1.03385225757774,-1.59637981508622,4.19903396019932,-0.99744235098386,0.315565287986793,1.92856423654344
"304",1.23122674384146,1.69549975012262,-0.133906212523466,-0.18097409640887,0.143232046293966,0.672386669763532,2.33807388854468,0.270258835353096,0.139673482128279,1.29773728421185
"305",1.79200625821873,1.78524638901506,-1.00111080318846,-0.423934067010856,1.36557156041654,2.40098928583593,3.25171067685963,-0.106955068108155,-2.37410592286503,1.3772744203635
"306",1.78906904385337,1.07020182142024,-1.78892381177249,0.543963063457471,-1.41459641855374,1.53071344437212,2.59625382377897,-0.673782085215043,-3.5260926028538,-0.0803688599724408
"307",3.05594190455402,0.786574749767974,-0.859916556417931,0.965537950051877,-1.49309863261501,1.38005458597812,1.42555366574521,0.965302226419884,-3.63593986787573,-0.00684824357781599
"308",2.72260320753604,0.848095638099109,-1.88382988144832,-0.876529459055917,-0.0457852390723449,-1.23118383587698,1.69692594412766,1.89280770795925,-2.64944146941836,0.632454897772428
"309",0.436542281761023,2.31119890246989,-2.95099347009992,0.447292132850306,0.695841582667423,-0.781171596021259,0.707950652198167,1.02151255954188,-2.39632358260243,0.177551632434302
"310",0.215474626484083,2.80668090142044,-2.84387355242558,0.374437515538797,0.374266999415487,-2.03046355872989,0.479063506043723,0.0166294124050766,-1.30248091695659,1.09300368668754
"311",0.354845880551581,1.51405842005735,-2.57144190107208,-1.31184725282832,0.703203334372717,0.196869511240471,1.15149503345112,0.438193940479606,-1.73856345953501,0.0031906880944802
"312",-0.632555685130321,0.297858547956973,-1.96140791232091,-1.16797563129214,1.40067795458604,0.563650631265738,0.468752712183993,-1.11146898053859,-1.21807564197823,-0.712029472576427
"313",0.712519988565941,0.170524371981559,-1.01436741894388,-0.0799995434873711,-0.714669442086364,0.470307688909934,-0.396675906387655,-0.742765309720197,-2.06528374729229,-0.188795528509269
"314",-0.995579797242609,0.88801976500872,-1.87810414548634,1.3748628143881,-1.93753744352539,-0.0620849512813658,0.196325816107374,-1.11179229009106,0.287412634390788,1.03391619585119
"315",-0.917353837389606,1.93448893235464,-1.5062124338101,-0.246361492109445,-0.555072985000959,-0.995036292189708,1.55850619895456,-0.875735172993382,1.10187165650919,0.204488318746238
"316",-0.170467211225334,2.25414064251369,-1.09075735856413,-1.9880835725599,-0.327105619051901,-0.45765080016583,2.70087742886934,-0.326636461937679,2.44307164733587,-1.2679290826295
"317",-1.04004993289876,3.3718162776082,-1.83283395687505,-3.07441211673133,-1.03330485438717,1.47960338491801,1.93797058444766,-1.77076325974033,1.48626321637114,0.390014199298114
"318",0.396218912440015,4.15216843467116,-2.6287642507028,-3.23698468022269,-0.657359736669596,1.94901578523829,1.44402795600479,-2.09681328042081,0.648017639714974,-1.55791419123263
"319",0.641947919001754,0.925970693872618,0.309923280348239,-3.69055078462898,-1.08578532457114,1.85427139762303,1.77676206743654,-0.00430753876930534,0.253535315723145,2.06423863733086
"320",-0.858516580389096,-1.07824360669794,0.264633206735326,-4.54866926270191,-0.990323075576214,-2.13427146798173,1.37279754691283,-0.607970435515119,-0.323177896804672,0.0293145208015968
"321",-1.21535634511199,-1.72166383067877,-0.321544837099279,-3.80675806875611,-0.00390135817205606,-2.58936419264613,0.602194386171476,-1.55534463335505,0.398240347946328,0.715649435607358
"322",-1.36477011460546,-0.753816057486228,-0.239850176279284,-2.90520549147595,-0.686833236330566,-0.921507803363917,0.986590597255786,-1.06796750162506,0.213649303601099,-0.927657131012916
"323",-1.13330952424788,1.18639151793587,-0.352139540943323,-2.49050951933371,-1.78135232659664,0.784276790441026,0.613606177153799,-0.629001577250389,0.72944676106586,-0.206543472324219
"324",-0.209468169715644,-0.55956414699554,-1.32711446440448,-0.5424419967709,-0.0161515155443142,0.822799524188189,-1.64123381129411,0.811671082640946,-0.4295015082805,0.330524756856876
"325",0.195552991051248,0.512280871377919,-1.04441855602716,-1.43233451358423,1.43545592699783,1.30723647863695,-2.10680023297871,-0.0688068395986211,1.04231835983374,-0.83878523575162
"326",0.741359414471557,0.842184514419635,-1.52828692059547,-2.76517085045335,0.776476211139748,1.06330925654886,-0.882584367647993,-2.13824084751082,-0.103350817244612,0.176952029254222
"327",-1.07486138132432,1.20578881644172,-0.17186244969998,-1.54251249681609,-1.19439983798368,-0.476966540961832,0.0382380052413036,-1.88557084392681,0.637729105843595,1.865798154575
"328",-1.8944684176544,0.955796959907053,0.993938320694201,-0.918214415405236,-0.738293605439744,-1.07849254694847,-0.599282262989724,-0.22782453488053,0.838661710813339,0.15030908619009
"329",-0.0918740796125618,1.77266369775956,0.31961380668826,-2.88484094147797,-0.328711726217081,-0.938776567092346,0.487103940454896,0.038535175518068,-0.050410615931533,0.534041302466344
"330",-1.23301332519881,2.5212219856021,1.10783848808324,-2.32479504432156,-0.300723323907745,-0.316045514450528,2.31661859204718,-0.484668261813398,-0.997950708231229,-1.69061296560112
"331",-1.2413990960614,2.51218452265203,0.689450036414352,-0.910000573714016,0.418892500762509,1.29662405628838,1.92018564560245,-0.039813133352574,-0.985095202699057,-1.19090792655969
"332",1.78121762446022,0.822176159904309,2.37249501542443,-2.99624160244767,0.918993030776258,1.92523860116493,0.690421294404537,0.510320837997719,-1.0322805253068,-1.89032370093343
"333",0.434430520504244,-0.211069783510311,3.56124155139085,-1.59850053316262,-0.797546133096598,-0.38239338306418,-2.36882469612526,-0.3821744611755,-1.13083960697734,-1.46310192571276
"334",0.0649290035417731,-0.0910692684143129,3.44975638083418,-1.88065204848179,0.173894255722515,-1.05720373073859,-2.9827541647672,0.142492778954195,-1.41977343634055,0.373569855126077
"335",0.606833026717242,-0.845469242324523,2.19581167191629,0.135720902798242,0.182031131576392,0.429480678426003,-2.14671703344352,1.66460651111615,-2.6279775015924,-0.772457401854559
"336",-1.27455373352871,-0.661730174097344,1.5704105837631,-1.62524127994856,-0.942239622024698,-0.968035780847891,-3.69057608113212,1.96413637278348,-1.42637514973157,1.09097923735575
"337",-2.42075374568427,-0.480699893137536,0.996809093730956,-1.3934622997625,-0.769896420148974,-0.639059291146881,-2.4716114586281,1.12261485926974,-0.81676408956427,0.965822774527616
"338",-3.04422363949699,0.209661368792151,1.52538412096193,-0.677906007624365,0.100287945406273,0.141475388154069,-2.15757222727136,-0.10407309511664,0.405926003704314,0.382306131179181
"339",-2.19692284440644,-0.347397660851917,2.54860073328227,-0.786698035724347,1.42244335533357,0.893440421300073,-2.20701846934663,-0.0781530167121242,-0.510868326898927,1.98417788522068
"340",-0.797758857155512,0.405630367746362,3.14553704429698,-0.542537539825443,-0.897813182255625,0.684743798614299,-0.222382009549456,-0.692189895101842,-0.363076709917159,0.9054900772793
"341",2.0824963606899,-0.16264490302003,0.988530921228085,-1.17424514777484,-2.13595359442631,-0.233903857765295,2.03711722028793,-0.13777083159329,-0.803599821750558,0.713686521091816
"342",1.97119769910678,-0.358139309020089,0.770985899988911,-1.50090458665356,0.280210673447925,-1.33952585911278,1.18724647824881,0.13579177150085,-0.230992330159331,0.54543572664493
"343",1.18768660228846,0.0866914837458311,1.46172740914085,-3.02760056173009,0.27157811965863,0.449371605813674,0.733091567459983,0.103296310124908,1.0859204752525,0.52695234446073
"344",0.858584997849467,0.0655382393308256,1.96553173348162,-4.14977562819873,-1.1003020763818,0.908330141080071,-0.101675778787869,-0.164248459395843,0.630880682367961,0.239353475829371
"345",-0.311580577161683,-0.0526117323711943,1.62685947282866,-3.35791865553155,0.297528054036532,1.24036974995971,-0.698404257732938,2.55629603796916,1.02840379824754,-0.491318148333988
"346",-0.148370275865984,0.221696324246884,0.114702414121639,-5.22416203588995,0.798478960700481,0.198370571536757,0.41398141780229,3.66180375664979,1.15892262327879,0.721440537620161
"347",2.2550454285901,-0.245635426275194,1.0569740102017,-3.75427061773898,-0.864146560759589,-0.0185655238616599,2.81462476571785,2.25566299407369,-1.30387764009102,0.431717108652596
"348",2.34665451449287,2.92032695826811,-1.29317134134494,-3.65257310302776,-3.06303474076587,-1.25786254099439,4.31453784921037,0.93936304783627,-0.529191461666499,0.670302521740505
"349",2.15243028539728,0.538170915903948,0.646504662523559,-4.0561853908291,1.61164622138952,-1.34347349465829,2.92076160554025,-0.377140733742505,-0.733587942044483,0.911775448522532
"350",-0.0959895860204778,0.918367821463358,0.728496607247306,-2.81525093883516,3.14984496912919,0.441080045015823,1.97831177515289,-0.428977006451475,1.86076649976027,0.214635379514379
"351",-1.25302066106872,-1.01880000435818,1.48986118985361,-3.84546522122959,0.778981054272843,1.34775056182395,0.752890420957104,-0.281093464384443,1.27526562625035,1.66203220520581
"352",-1.01020429977676,0.521144132643763,2.29797222064046,-2.78479285989456,-0.988934858693786,0.00690081805592291,-0.77706031385435,-0.182635494760827,2.59710878081712,3.27600433639662
"353",-1.30023500669971,1.44357847156991,1.89672689646276,-2.94999435159962,0.576884055361307,0.834157624940158,-2.68805207047986,-0.826508612402888,1.22082091336286,0.0265610952613629
"354",1.18619693533496,0.90564389470442,0.709860578195395,-1.3844781337293,1.14878519009438,-1.28568361924775,-1.20366388920135,-0.742320742706372,2.73484931316999,0.994728559072074
"355",1.58450818443567,-0.580554886290317,2.26507882613568,-1.14432375894308,-0.184863710078108,0.546235046039839,0.564641150330822,-1.08000414897444,2.02753719303176,-0.960136124189766
"356",2.73215752098605,1.59661299058535,0.935230554336239,-1.02150862869007,-1.20593300621103,-0.209582422289249,-0.636982810260879,-0.550861091765386,1.01279441400028,-1.04176364342575
"357",1.79620016260766,2.21662273898144,1.11723002908482,-0.993625677632239,-1.11489659133497,0.155729152934316,-1.15299142558845,0.192873503176296,-0.122940594230223,0.631124963860864
"358",0.0381133821757592,3.80001261262914,1.84762656472236,0.567614759615767,-1.80719246206747,2.08116303247405,-0.41666948269199,0.77513442614467,1.60591129136919,-0.436337485009043
"359",-1.34107538509582,2.32257656257126,0.951430757042697,-0.866598899366562,0.656606627067946,2.78575133322164,0.706951782852101,0.946718405285573,0.409621806501786,1.83798418298274
"360",-2.76454358658604,1.53678368208128,-0.167148724203746,-0.0044372046108114,0.728099014472357,-1.86933572421989,1.0253766823546,1.53479079766992,-0.274919131072144,0.246756951959227
"361",-1.38828256606732,-0.215202275419551,-0.446906617521996,0.701841006963723,-0.124058522609456,-4.77746332926161,1.97603592818696,4.00699833475415,-1.59054920298686,0.315100363591012
"362",-3.07560573865759,1.00370137445649,-0.0882051954783171,0.235512715408099,-0.454587393786171,-1.7400989684812,2.67674387403767,4.45106032149752,-0.274278150814936,0.256861744787814
"363",0.220431294341351,1.11521835560335,1.59396427830761,0.326003318566405,2.3161639385702,0.795684421943583,2.67900137237572,2.34463104445154,1.16873892816742,0.946789525358903
"364",-0.592355227894331,2.47632738822777,3.81139600981899,0.182310955791856,1.06691812646895,1.30391869394117,1.71184925751664,0.0740814588898353,0.183838823421641,1.01314561243649
"365",-0.316247300089522,2.8400483827269,2.00251288603191,1.35555700789142,-0.849848332598125,-0.195329724173691,-0.592578162228578,-0.522430003375649,-0.660415954305433,-0.0591669164292285
"366",0.695680620662995,2.88614591974839,1.03699349408854,0.639345285648184,-1.1816084667949,-0.994411232203495,-0.481584582309389,-0.624206338004788,-0.459848188937174,1.19516598841104
"367",0.258698475210046,3.23251688712148,1.19665146581859,1.87158383598927,0.218992810629757,-0.727223862014795,-0.200107395833582,0.526327767166315,-0.6802140212423,0.674258265090162
"368",1.40746100672591,2.2065116791908,0.126679918193618,2.16136571221895,1.63406021502532,-0.335335572156731,0.0918374855947086,0.317207253893308,-0.608067750423928,1.4789196493058
"369",0.757531509052039,1.9584498842559,0.785998251913222,2.98052020825957,0.44384260161994,-0.632815794441226,2.10226665221256,-1.41837038276101,-1.52449665756928,0.810611235546722
"370",-1.09029755082503,1.53436184253335,0.701147312878435,0.649299561957743,-1.0213560472093,-1.67494218152045,2.8273678231859,-1.02208644395472,-1.38885768089567,1.37693678704417
"371",-1.44467025642012,2.15931104180425,0.331103889641781,0.960109645214251,2.14169545225156,-0.438671913241716,2.2592628356681,-1.55273763951768,-1.20642622491583,0.117645359401847
"372",-1.48342983787948,1.90232209418804,1.26232952785612,0.324504566047004,1.77207055986154,-1.58510519676787,2.20947619309558,-1.86136874298462,-0.105048654196185,-1.19622711849438
"373",-1.86474706748376,1.52321824619594,1.18663644850489,1.4537026398525,0.124539320756508,-0.0428728151009744,2.7965571367489,-2.2077745453982,0.325925794306166,-0.209340317608696
"374",-1.44506061285322,-0.0519374531018445,0.120406271844186,2.71334209542488,-0.233845229320908,0.601938669840449,2.06770520407802,-3.03426860251648,-0.413103101206479,-0.924103071452276
"375",-1.45591636854621,0.051800012933163,-1.37311967063398,2.06643745256641,-0.210764852425262,2.66964368368846,1.52025742699335,-3.8093822153694,-0.564521650332124,0.805001898567379
"376",-2.60641477591453,-0.520390584359986,-0.089869046344911,2.39798954299083,0.214498900641701,1.05211136865678,0.239942642572934,-3.19905594522927,-1.25643879652551,-3.03474930505967
"377",-2.69382569540308,1.1450568169466,0.568132940963673,3.73600080583733,3.5830831540207,-0.466872994313754,-0.915788685738157,0.247569245474421,-1.10727054932565,0.677717145600909
"378",-1.97424831886351,1.42757266376381,0.875794599150594,0.554218872907698,1.67601348140133,-0.738885607387887,-2.34147065811529,1.53684568987968,0.0391271119873993,-1.11193244575951
"379",-1.02762029457445,1.64684939343102,-0.598738126996638,1.38890381928407,-0.83294786130598,-1.78866324560711,-2.46782673602903,1.84451873855983,-1.22753548391362,1.95444658377054
"380",1.052139439826,0.444344375627247,0.219739760595691,0.334772720333584,0.35480099569691,0.887327688681795,-0.697570943991387,2.48230766381436,-0.855188161215417,-0.89444504777436
"381",0.462557113986442,-0.0932243715320199,-1.29304398989215,2.36156515119425,0.376215412566274,1.27782388442833,-1.66671434347418,1.65369578708109,-1.71110943553788,-0.0549693333699072
"382",1.01310422199933,0.568129333919277,0.186407934486112,1.59360162283365,1.35925587668906,1.75360310378162,-1.89360747579195,1.34737598919868,-1.23143272583652,-0.640880090246584
"383",0.246058915609558,-0.654102490979858,1.78749625033314,1.54926935407365,-0.602515523076354,-0.196060989331161,0.0400958986464652,0.881362984093936,-0.443265754164195,-0.547548600310701
"384",-1.38339677882351,0.184294305342497,1.55109066335182,0.224877338800403,-0.124205289645934,-1.11616145373215,0.351651609679182,-0.223714818146364,0.896532795027469,-0.778632688320694
"385",-0.927010059385444,-0.115526367945501,1.5910466060725,0.576476816397371,0.609788215636207,0.249924288800293,-0.375650692491999,0.888989273998691,0.166923318310876,-1.41948866461407
"386",-2.51279039505513,0.889031131908622,0.814334215487006,2.84118085169965,-0.779844055314997,-0.10057101851394,-1.43710103689812,2.17930031418013,-1.08148738382648,0.915661056150983
"387",-0.350778636286443,0.654951354756151,-1.73824663437833,0.141848988770014,-0.704994618384897,-0.39135021788565,-2.22983489730971,2.02406011169068,-4.43735973501138,-1.63557372192696
"388",-1.45114684682059,-0.151776292099352,-1.50087326800801,2.09413480612248,1.3309947495513,-1.82998760160106,-3.2154205886215,-0.585875996227447,-4.84572089399412,1.01361166569912
"389",-1.78833352053284,-0.294867700586341,-0.503234915436708,1.7676623956967,0.93446887667817,0.331663905921284,-2.35348152701662,0.0315608753135012,-3.25214153389921,0.0878793598063319
"390",0.20638654781922,-2.06309267153711,-0.461448219230588,2.08844749297933,0.592832344947039,1.18673851465218,-2.16606427652741,1.6000473473741,-1.69075263072064,1.49334881545115
"391",-0.740008189968184,-2.80482117002725,-0.485645458174301,3.06843534504387,1.94716371798951,0.24732712481152,-2.94251145072825,1.10686945171103,-0.259985964466534,0.300682218545963
"392",0.618178656260768,-2.86459233919016,1.60532100501772,2.35903712694068,2.32870651034075,-1.67022759435675,-1.23708422383908,1.61584915072497,1.2937711786949,2.24717892481095
"393",2.39529007448566,-2.41046242112492,0.369983716509772,1.72995183069351,1.09489324496563,0.506421791995945,0.122870545308297,1.97642483357683,1.22104094775088,1.00913318088772
"394",1.09274402850979,-1.00716272300725,-1.51431256129415,1.93285614062133,0.202370573116306,2.44426893494458,-1.32672307902839,0.543096843542494,1.21634866418461,1.56871127884015
"395",1.12917348412746,-3.03391737744525,-0.676877855646662,0.78701793979332,-0.0615800908004729,2.12996472330964,0.0235288543144406,0.251143455950674,-0.368157670755611,-1.07171166079876
"396",0.844609986690063,-1.79916853969125,-0.25939678111645,1.41183029542686,0.830407353770405,0.617093437460136,1.0106399498545,1.42020219596111,-0.944416771291767,0.0139029403988553
"397",-1.28660087276768,-1.1428959848026,0.344705148217074,0.935738387810787,-0.409472286959047,-0.0203028417303996,2.17907509274729,2.45129148207361,-0.545008193630315,0.736025982695039
"398",-0.43177065698765,2.80201749861376,-1.11641983177206,0.589981867509537,-1.1743333356391,0.163930372786883,2.93461438475058,3.33707606445025,-0.131864334230083,1.37287493275109
"399",-0.942375177900686,3.12397900463683,-2.24063000669895,-0.708353258663732,-1.0145024432228,1.16367499066759,2.43489962191553,-0.205876790533328,1.46569269905089,0.246831240620929
"400",-1.57574780517071,2.78339319148565,-1.23540458003444,0.606727578886291,-1.14822760334564,-0.298162370462405,2.25239705430474,-1.67631460823176,1.27807662640624,-0.937137281772533
"401",-0.648135423325952,2.32385309620343,-0.0656735247624609,-0.120808376359161,-1.74166394516063,-1.15014243064671,1.43115325857217,1.34050969064172,1.51460170635799,-1.61195343156471
"402",-0.807307221131699,0.598303609318908,1.50036759482516,0.816155884024235,1.02307381599142,-1.5572273309641,-1.19704112652212,2.16637075949349,0.725437408675231,0.820798324351677
"403",0.125149556234853,0.998432564851067,1.10037848231465,0.300072773586017,0.594347869808054,0.186653393201144,-3.20975528695303,1.62957882222029,0.286613323238507,-0.247060212664223
"404",0.121690744350495,0.0832112820774977,0.611775565360354,1.16023605399411,-1.3627957376384,0.258050250594991,-2.40793518617717,0.307828248357306,-0.42775652948042,-1.27414852899248
"405",0.192787919175879,0.561220604421024,0.752264264509145,2.44760899687707,0.107333753315016,0.779730753119108,-1.07912922161111,0.0884982413400845,-1.10598134369988,-0.492509409647448
"406",-0.860528478770883,0.743874887745934,-0.408335067598777,2.82076257216792,1.88479690939412,-1.21508281588834,-0.140584409460959,0.00581511961525355,-2.3138565576305,0.453621898061822
"407",0.260872486684253,0.0663730041444703,-0.414084645561675,1.16647461136927,-1.09693769769821,0.239193974605663,-1.14489459251605,-0.856386227375339,-2.71544458404275,0.0144279897897029
"408",-0.354386294958611,-0.78874298259175,-1.07320635227379,3.7450997538544,-2.40825942082875,-1.47674305816604,-1.83970492089458,-0.496516345262836,-0.584809998188008,-0.191177321938788
"409",-0.58370947514072,-0.860939481837691,-1.31728628030894,3.75957214729172,0.137304109322701,-0.956613869420757,-2.00113108871709,-0.0459552854487195,0.440105779672855,1.43353711042328
"410",-0.401587027804923,-1.34387146483713,-1.80425988457629,3.06158772046866,1.48618371533568,-0.0497732833202937,-2.85329188069593,-0.422076431411829,2.94251215060982,-0.197497117277881
"411",-1.03206481260575,0.285484532157135,-0.658140058161402,4.22952629958104,0.837091061529665,1.45176277252832,-3.16806852701219,-0.471091383454546,1.745863627582,0.668111120651002
"412",-1.10085777789579,-2.48952211763454,-1.8244368355623,2.23669389950976,-1.07871920255188,2.01053015119478,-1.97006258487911,-2.01056646112163,2.07184098786527,-0.720711308821051
"413",2.14576812209826,-0.675376357394433,-1.16444086438101,3.40067797873562,-0.297560001221741,-0.0517764330569571,-0.927962962449182,-1.37665348072826,2.36556244976778,-1.27832979028156
"414",2.99603700851492,-1.21709694626671,0.897010155979206,2.20232500757886,1.06807251517387,-0.582797896497375,0.60575612703683,0.176020116470459,1.99915917447139,-0.783829072343346
"415",0.792101980401067,0.853571756352737,1.15731767768595,2.65940580093577,0.351241697592254,-1.33011217047333,3.09557677630613,-0.0760342953798423,1.26018902230363,-1.69561962834544
"416",2.38093256389277,-0.029858410898214,1.76073522829801,1.53376992050186,-0.0160482813744702,0.656167434657326,3.00013366197804,-1.42417577410511,-0.0163854764578004,-1.48271905353643
"417",-0.718436213823365,-1.8412160321193,1.33774319342903,1.81443627569519,-0.617178440695843,1.76119675856387,1.56183758198095,-2.3234754437408,-1.20388653881211,-0.533561972438197
"418",-1.63672352925938,-2.09616947310116,2.69231040224849,1.48978538439176,-0.307220219386085,1.92428192134159,1.04594690206594,-0.701597724342549,-0.163970811859033,-1.473754073466
"419",-2.00724178639847,-1.89900280866029,-0.0237216929592305,1.70540600393842,-0.348102167520881,-0.453314227199089,2.26011201080779,-0.0501284083152537,-3.36235047142648,0.214280998520968
"420",-2.56671543866451,-1.06512321121653,0.927217091737646,1.29331148528482,-0.515711298089442,-3.26804615578301,3.55855744471324,-2.22134497419088,-2.21280061431442,-0.975019061853356
"421",-0.832913577490629,-1.35077360189997,-0.285373184845028,1.74288546562158,0.150829388534621,-1.80965561110259,2.91061005289029,-4.4344414590077,-1.18772756429724,-0.621162995827621
"422",-1.5134668758905,-0.616373077794197,-0.547462915266763,1.40354090919656,0.846940408899957,-0.00742560174942689,3.2052090706362,-2.9570104422222,1.23497015929589,-0.397165127514758
"423",0.519268355195839,0.189610039883809,-1.19098552512487,3.16552681333249,-1.25702268711664,0.921948867242786,2.92650903823686,-1.62202186380016,1.9282072165419,-0.152031592653554
"424",-0.164985861744017,1.10715691715215,-0.70599450235472,2.66580362538518,-2.56847554760401,-0.436039674373641,2.29317525797797,-1.17635534920206,0.765520383147649,-0.391989795776165
"425",-2.44620354813348,0.472617322788846,-0.261056002006347,3.60091507085919,0.21056526280621,0.240327341683019,3.1037982783617,1.23382988380966,1.62661990495066,-0.392998224513171
"426",-0.726185574543573,0.920884615128354,0.00938051445904528,4.03586002715525,0.47109420831285,-0.529234101945058,2.12636618590934,0.333475979081987,1.83962133584921,-1.70398859425589
"427",-0.127520693593698,1.35033100160027,0.843624563341567,4.26625913976264,-3.27940809737231,-1.32279635387667,1.04201649768468,-1.3488618256589,1.4700476816854,-0.497650414107378
"428",0.563936659650806,2.18900534662525,-0.964191595341558,2.76687238092276,-1.86301285904218,-3.68265702029067,1.68339272973145,0.901593265099753,0.215188085238864,0.711738200966914
"429",1.43762426440378,2.32868987320239,-1.63908468572104,2.18381987647127,1.94343066239789,-0.15340031554739,2.38780669680887,2.98288032709205,-0.209466172143158,0.575403171660321
"430",0.0831678056991757,0.951305316024402,0.054939492409585,-0.135149455596493,-0.434097175818542,2.14466907243627,2.00755441602939,2.96557646398035,-0.257889610158539,1.23742863295915
"431",-0.600556420828164,1.0819338337286,1.45001470272422,0.435265775358095,-2.12524879631468,2.54197420541116,2.80738206896969,2.4255643677861,-0.787546193574701,2.45526761601964
"432",0.523103698666822,-0.402650151612171,2.59022517612512,1.85146233374664,0.612602580249655,1.13730524348798,3.37790733758591,0.878431866348706,-1.41339917768833,0.893589975873808
"433",-0.681382127622192,1.51286260852904,1.95577376688845,0.696557033852355,2.13764574588918,-1.3760945276449,2.2878192970857,0.300256575937194,-1.36763148041029,1.18892590387418
"434",1.24024104141193,1.50262046518969,0.316481517003546,1.52476777033266,0.322505180455179,-4.39605484692848,1.74771816924934,1.35620518331533,0.0878397256016665,-0.0912463454132529
"435",1.39269299036509,1.09135320019059,2.12234298480741,1.53367886752372,0.527016305346167,-2.69218298088361,2.99279345861178,0.227936510905584,1.7774366117241,-1.46447190605704
"436",-1.27485067017513,-1.30504835467308,1.73461210627164,0.410609481037628,2.14781892426962,0.691052038707775,4.06963359703174,-0.261159787496438,1.02196068140464,-0.876789198893167
"437",0.105573752042938,-0.172274249769831,2.96087503811439,-1.22774483707155,-0.690431550745093,3.19842936081297,4.85792382584283,0.374704028651988,1.72238963353459,-3.36167971577747
"438",-0.181325736149472,-2.62710229121753,1.21777205998651,-0.198579608833733,-3.59252860597872,3.34963648298572,4.05130853681207,-0.598983866580742,1.78686812998266,-0.826083975889005
"439",-0.337406102213559,-0.0302536844868265,0.884324864451752,1.36984571557237,-1.48013081844654,0.284379249082376,3.36215977180068,-1.03606474557993,0.992815449848386,-2.01042754734638
"440",0.399153899243761,1.61855447258918,0.0694410489122775,0.0570569922473958,0.159206591945113,-1.14514209599644,2.54374335420967,-1.00212358145817,-0.955535821918666,-2.31374094307205
"441",0.364177649926572,3.99300767978583,0.866172379171849,-1.81744864643507,-1.42975394952965,-2.50222842206751,3.09812887476232,0.929603948271512,-2.67735770834547,-0.528786230811786
"442",1.18877219155229,4.27579120898984,-0.059628570991085,0.0462405190520067,0.503586733534517,-1.8377504193329,3.27764741250494,0.927744091305435,-2.6923648272977,-1.34798415510758
"443",1.97437124194884,2.39774425952086,0.0696440570030776,-1.19249340460073,1.05368437735426,0.557899830377146,1.72114156199168,0.345858353396327,-2.57737539572675,0.753292069440387
"444",0.0572102922942421,2.18131765107981,-0.433693937613785,-0.25288745361583,-1.69364401889974,4.09492508728902,0.250766646271636,-0.201431741701816,-2.09889794112196,-1.01737243661886
"445",0.499054754374417,-0.489906209702866,-0.682548943104097,-0.987278795871052,-1.39281361754771,2.68196452282581,2.41853666036287,-0.428427410504908,-1.76405618528064,-0.353798234692747
"446",0.865946485253779,0.765628676546545,-0.340139521779477,-0.79103956236294,1.53910475591147,-1.21963279512471,2.83454786809996,-0.42920834326762,-0.778743092442795,1.98743183437541
"447",-1.18942367505048,-0.275789637974033,0.614740527660229,-1.03951534944104,1.30498193578474,-3.00702792333467,1.25425722738891,-1.51246578550848,-1.55403025755662,-0.405026446472075
"448",0.00905269807954472,0.52000629669973,-0.65705655608665,0.842966647724175,-1.06662224306085,-2.25268711577504,1.05825156864894,-1.02408666256259,-1.62818637865214,1.32170728981785
"449",1.37427972220867,-2.2687425032726,-1.6380709200426,-0.859938509170928,-0.222110552870462,0.0279919377175659,-0.0297645418989219,0.239416586740965,-0.962638613002125,0.885625409069479
"450",1.28191341930962,-1.38033153428669,-1.95152555148769,0.270195513634838,1.05547357262817,3.11606085947264,0.275730742344585,0.561854310818198,-0.256390079813478,0.75361635268497
"451",0.139451632046484,-1.3324736512782,-3.10403471701554,-1.35854397634617,-0.822761496052362,0.821777339066095,1.8262637691686,-0.19384726440648,-0.14055065647638,-1.12961543468278
"452",-0.0641049239709489,0.604523301373537,-2.49783519335589,0.607485213711612,-2.88405814143981,-2.47579311743082,1.08405089080308,0.31914152817067,1.35233105034208,1.12138645828359
"453",-0.414610319496521,0.318514538472899,-2.7638169592176,1.18177701249189,-0.50799720189922,-4.82975996346011,0.0892715819076317,1.91475882387478,2.61962869109344,2.24873033100624
"454",0.155394167864753,-0.122335701088698,-2.60557242733441,0.46994340646969,2.45996536344073,-0.59421987470546,-1.27420679147461,2.41083714983437,3.28941032918422,1.3075209651487
"455",0.550542514717971,-1.37390131497784,-3.39671583055081,1.35768875973968,0.198525277744608,1.70026079630048,-2.08720958419031,1.47015663947289,3.89688691174422,2.78884828341484
"456",2.92139744604448,1.24628521798046,-4.49286703854012,0.935330486107571,-2.11743288776956,3.29426734620948,-2.54347250846562,3.46362921157341,3.57030799037822,-1.07890367212448
"457",2.87890521847806,1.56352781034658,-1.24210207285695,1.63242059196142,0.966822253992231,1.93980488532138,-0.969753744554316,1.03057375277723,2.08234880525266,0.390640448126621
"458",1.4644701309115,3.14580242893046,0.884918259652958,1.40340503560613,-0.588153320673331,-0.382687924028837,0.263629930570862,-0.103716088280314,1.60105201318472,-1.11357154281081
"459",2.96411082066764,1.1111110996256,1.63462769884629,0.607089084919279,-0.906411947170063,-4.99057541679281,0.0848798854127278,1.77290630928981,0.163584786528026,-0.556493188744653
"460",1.9789814590828,2.85903731866394,2.1802774559643,-0.0566696177629401,0.0504716961968208,-2.03395250015703,-0.0864844407063782,0.293502066792849,0.446370036142462,-0.6627658023311
"461",-0.106202586884921,1.48556336216451,1.47815997155207,-0.800351893107648,1.45153492835622,1.93956041084429,0.99903646360271,-0.783230996128411,-1.07831786007496,-1.21609329429613
"462",0.536093977205327,1.4420466783279,0.644646538174436,-1.52576282600806,0.680094251725382,4.79935602325086,1.37961487406132,-1.05546226331578,-0.851742818929905,0.889697979461078
"463",-0.626533146748581,1.01493097369215,-1.12921212442704,-1.56042658268385,-1.02884711287832,2.45522575865404,1.3683713059422,1.41672237686196,-1.29056157859945,-1.08389253481475
"464",-0.429548716760258,0.129603378836685,-0.511304672436432,0.348329256154651,-0.650716570286362,-0.369714073756299,0.538172378930189,0.696656741948002,-1.98002511722935,-0.0898076385342075
"465",0.634201126633739,1.10720101651315,0.950302006701199,-0.449727892053255,-0.00522863856856903,-5.28845205375791,-0.89356528747172,-2.06971685699352,-3.05507765068097,-0.542179692322331
"466",1.79885509459243,0.351922759094999,1.30250010735015,1.58335325050453,1.72134667294427,-2.74119606301361,-0.253481600917836,-1.38826886404236,-3.99074812167589,0.575014163021129
"467",2.64845304089145,0.0299016387377083,1.50990610794071,2.20270167274367,1.1803719050178,-0.220695775388343,1.12545081868256,-1.58810060858423,-3.95357757294451,2.42703750594188
"468",3.28405642386505,0.0336520452287795,0.398450373136364,3.00267008837873,0.310875940681761,4.22399773648839,-0.451338484808545,0.625154548148911,-2.25695627660208,0.301522401900009
"469",4.36828046016327,-0.413895277886115,1.20388449406587,1.34818496270398,1.59909382154566,3.69856471443268,-3.00407286591857,2.27391112600551,-0.838204923039,2.52405111862341
"470",0.982402962133608,1.50642221963023,0.905676460564752,3.56794519736313,0.983489053493843,0.152615170301293,-3.67628583097908,0.885591136713518,0.841961323626566,1.28666761858103
"471",1.08846141515551,1.11814845724615,-0.660310410556788,2.40948064500718,0.63992005307863,-2.36113696884429,-3.22058463817339,1.61017704255616,0.233573271950582,-0.0301893782441466
"472",0.347983340866424,1.81814264571697,0.112824967174841,2.0872568051227,1.45590956039973,-3.51168240653565,-1.58165234001777,2.4458171464528,-0.38256370164735,-0.78336777092812
"473",0.894010507307739,0.298497185180343,1.27313320980786,1.04879179977053,0.421276819538002,-0.993221002870042,2.09873429986694,2.91687157894874,-0.84218476612207,0.882949829171912
"474",0.371206687822192,-1.84572198539121,1.77795964629131,0.571901849078959,-0.0919284830175393,1.46556433860404,2.88774442547065,2.44047465051505,-0.79570974351907,-0.680123470905717
"475",1.58706879998938,-2.85000320427982,0.63016116684908,-0.255515312073439,-1.29383084388263,1.81399983976786,2.10092729006523,-0.371507795096525,0.0230901135843892,0.899856018462982
"476",1.04859744673458,-0.190638152697625,0.31300079858192,1.55535213219177,0.559174997511027,0.82056962907129,1.62563204207562,-2.87783595181969,0.81022497731039,-2.18497848005116
"477",1.16084086219701,1.20306203639062,-0.112099085186782,1.10155583470422,-1.77330772267621,0.37482331414318,1.99943233762785,-1.40425768360693,1.44759442767046,0.627916093730794
"478",2.32933371915588,1.74311750172613,-1.4029105188028,-0.572295464411691,-0.425474142858188,-0.466124595925495,3.80387838089693,-0.611442829469508,-0.0514863504446048,-1.33113161895068
"479",2.37690229605771,0.796789900310015,-1.0807194360321,0.310750797277023,2.01833416711593,-1.32798335750855,4.03410145700734,-2.56322385784082,0.571910294829582,0.770666629213533
"480",1.01298134911463,0.379340041318057,-2.95362103396539,-0.839115388477166,0.79856313981488,-0.436283280001281,2.37292449384853,-2.75487383751904,0.704869315191467,-2.38487481384773
"481",-0.549823801486439,-0.618882405411473,-3.00150315617763,0.463509042771307,-3.39300483960068,1.3078776976496,0.997711931098756,-1.9230619430271,0.44055515491443,0.315150902016348
"482",-1.32074436737822,-1.3197755448777,-0.68806749633837,0.00477735071442814,-1.07296222283322,1.11344660762867,0.779582141127836,-1.80968260920222,-1.15644994086144,-0.429477189446125
"483",-0.895071795122053,-0.670572818089103,-0.87862450227098,0.490137513602668,0.519363596471379,1.65342665893925,-0.139766782590132,-0.0215297415093718,-2.25094151393378,0.00876110529926272
"484",0.00550266914775543,-0.0120478157346666,-0.296668436091335,-0.23241316127802,-1.39360388188057,-0.198987320877248,-1.17727529556427,1.00182831610571,-1.98986763983938,0.447765701379864
"485",0.0732898992766786,-0.982149099657975,-0.97905132580341,-0.629273452164134,0.0658056192234818,-0.0466015818914615,-0.168965532558911,1.09266984628112,-0.252367068438094,-1.06042653728764
"486",0.411962110236413,-2.24691485467998,-0.831067528951351,0.195674107924281,-0.0679525093342294,-0.0297373306553079,1.64139998556015,2.93803835721427,-0.718993692274494,-0.160929182967441
"487",-0.105431632360194,-1.93516535973123,-1.17983644236772,0.77491642082652,1.17364915722777,1.66535294289322,0.772586208601415,3.81977632844877,-1.16187547285804,-0.354439048061671
"488",-1.051961704019,-1.4569382537667,-1.12072752697469,-1.32891390862855,-0.496786304710443,1.76055794060609,-0.247299788287216,1.48866288275203,-2.49263497794847,-1.18928949544335
"489",0.290969537368939,-0.689072209666529,-3.11074122642794,-0.931516331024729,-0.0815483995123272,0.335324875642948,-0.0262518113344933,0.785289618453096,-1.09803004859444,-0.400999083321217
"490",-0.867552716346715,-1.68558471022735,-2.74941865661948,-0.538178829375678,0.950107650185422,-1.8599454937647,-1.73736849713093,0.959504817869201,-1.59885389225427,-0.718269614430001
"491",-0.248349275048931,-1.28945881503957,-2.49831008336759,-1.66266894215842,1.18106237530457,-2.06336458632194,-4.05713349170206,0.0587216460694676,-1.13175457681715,0.00726840195298695
"492",1.04283491189012,-1.17111711634085,-3.55119121968754,-1.75794335347447,-1.30539997151121,-1.85166106282222,-4.12292006828748,0.280536974610613,-2.21279165384465,-0.129219512080841
"493",0.124975751126742,0.772918981562456,-2.43806430662041,1.13856747429359,-2.55768576599753,0.752615007717826,-4.85918118745456,0.322734877288747,-1.56592207086349,-0.0504261775947142
"494",0.338947279891632,0.51246694797788,-2.0503014760682,0.518708308269142,0.021776148263161,2.88050518390065,-4.6013694415491,0.782183803695433,-1.11989951066075,0.9661801293732
"495",0.872343525545594,1.09781705532248,-1.36687996960805,1.27590863974264,-0.163599437145114,2.63965223710178,-2.15585834402539,0.670692978997774,-0.734531358880623,2.11601945891913
"496",0.122736152356711,-0.205705809094636,0.148248059826519,0.110681084833879,-2.010354832158,0.172831712753966,-2.00799279901404,-0.438313239025585,-0.779303697988431,0.867323032151926
"497",1.31138575592169,0.228087970276534,0.16592410231845,0.165168056532569,-1.33048526838101,-1.99157800877153,-3.34612685975806,-0.396428028818346,-2.19946856630414,1.30518445104442
"498",2.86733743378794,0.64891253746314,0.794522840223001,1.38163457005067,-0.122823095234416,-2.30765390823645,-2.15885780567754,-1.8830758326199,0.0498837519670454,-1.01555589293101
"499",2.16825864358076,1.28221885092537,-1.05359292428143,1.40051630186255,-2.06736077310567,-1.25924452046807,0.170267971020981,-1.77929714938067,0.33226280193296,0.211944828723511
"500",2.27085161245005,-1.59976302799599,0.330561207107511,1.73317605603435,-2.93200751294081,2.08610767845504,-0.892895225226568,-0.916047149117489,0.595274326437567,-1.7321760442964
