unique_id,ds,y
GNP,1947-01-01,244.142
GNP,1947-04-01,247.063
GNP,1947-07-01,250.716
GNP,1947-10-01,260.981
GNP,1948-01-01,267.133
GNP,1948-04-01,274.046
GNP,1948-07-01,280.679
GNP,1948-10-01,281.837
GNP,1949-01-01,276.42
GNP,1949-04-01,272.68
GNP,1949-07-01,274.162
GNP,1949-10-01,271.76
GNP,1950-01-01,282.056
GNP,1950-04-01,291.699
GNP,1950-07-01,309.76
GNP,1950-10-01,321.554
GNP,1951-01-01,337.537
GNP,1951-04-01,345.973
GNP,1951-07-01,353.381
GNP,1951-10-01,358.33
GNP,1952-01-01,361.821
GNP,1952-04-01,363.049
GNP,1952-07-01,369.683
GNP,1952-10-01,382.751
GNP,1953-01-01,389.888
GNP,1953-04-01,393.801
GNP,1953-07-01,392.98
GNP,1953-10-01,387.798
GNP,1954-01-01,387.345
GNP,1954-04-01,388.119
GNP,1954-07-01,393.034
GNP,1954-10-01,402.077
GNP,1955-01-01,415.496
GNP,1955-04-01,423.93
GNP,1955-07-01,432.668
GNP,1955-10-01,439.619
GNP,1956-01-01,442.597
GNP,1956-04-01,448.848
GNP,1956-07-01,454.125
GNP,1956-10-01,463.023
GNP,1957-01-01,472.864
GNP,1957-04-01,475.392
GNP,1957-07-01,482.723
GNP,1957-10-01,477.398
GNP,1958-01-01,470.17
GNP,1958-04-01,474.672
GNP,1958-07-01,488.446
GNP,1958-10-01,502.14
GNP,1959-01-01,512.913
GNP,1959-04-01,525.253
GNP,1959-07-01,527.864
GNP,1959-10-01,531.63
GNP,1960-01-01,545.575
GNP,1960-04-01,544.084
GNP,1960-07-01,548.768
GNP,1960-10-01,543.553
GNP,1961-01-01,548.594
GNP,1961-04-01,558.945
GNP,1961-07-01,571.166
GNP,1961-10-01,584.209
GNP,1962-01-01,597.614
GNP,1962-04-01,604.358
GNP,1962-07-01,613.078
GNP,1962-10-01,617.01
GNP,1963-01-01,626.179
GNP,1963-04-01,634.089
GNP,1963-07-01,648.882
GNP,1963-10-01,658.563
GNP,1964-01-01,674.88
GNP,1964-04-01,683.549
GNP,1964-07-01,697.079
GNP,1964-10-01,702.017
GNP,1965-01-01,723.225
GNP,1965-04-01,735.832
GNP,1965-07-01,754.576
GNP,1965-10-01,776.644
GNP,1966-01-01,800.732
GNP,1966-04-01,810.033
GNP,1966-07-01,824.605
GNP,1966-10-01,838.565
GNP,1967-01-01,849.391
GNP,1967-04-01,854.063
GNP,1967-07-01,870.922
GNP,1967-10-01,887.023
GNP,1968-01-01,915.204
GNP,1968-04-01,940.344
GNP,1968-07-01,957.077
GNP,1968-10-01,974.301
GNP,1969-01-01,999.671
GNP,1969-04-01,1015.181
GNP,1969-07-01,1035.904
GNP,1969-10-01,1044.164
GNP,1970-01-01,1057.487
GNP,1970-04-01,1074.012
GNP,1970-07-01,1092.643
GNP,1970-10-01,1094.672
GNP,1971-01-01,1142.57
GNP,1971-04-01,1164.246
GNP,1971-07-01,1184.935
GNP,1971-10-01,1198.025
GNP,1972-01-01,1238.784
GNP,1972-04-01,1274.485
GNP,1972-07-01,1299.485
GNP,1972-10-01,1337.927
GNP,1973-01-01,1388.16
GNP,1973-04-01,1425.513
GNP,1973-07-01,1447.715
GNP,1973-10-01,1490.591
GNP,1974-01-01,1508.276
GNP,1974-04-01,1546.453
GNP,1974-07-01,1575.303
GNP,1974-10-01,1613.018
GNP,1975-01-01,1627.512
GNP,1975-04-01,1663.509
GNP,1975-07-01,1722.818
GNP,1975-10-01,1777.797
GNP,1976-01-01,1836.233
GNP,1976-04-01,1868.977
GNP,1976-07-01,1903.677
GNP,1976-10-01,1952.15
GNP,1977-01-01,2009.413
GNP,1977-04-01,2076.658
GNP,1977-07-01,2139.358
GNP,1977-10-01,2183.039
GNP,1978-01-01,2224.853
GNP,1978-04-01,2350.382
GNP,1978-07-01,2415.943
GNP,1978-10-01,2501.54
GNP,1979-01-01,2552.29
GNP,1979-04-01,2620.698
GNP,1979-07-01,2703.659
GNP,1979-10-01,2760.381
GNP,1980-01-01,2827.831
GNP,1980-04-01,2833.163
GNP,1980-07-01,2890.897
GNP,1980-10-01,3014.083
GNP,1981-01-01,3155.609
GNP,1981-04-01,3192.545
GNP,1981-07-01,3293.303
GNP,1981-10-01,3318.447
GNP,1982-01-01,3310.294
GNP,1982-04-01,3372.9
GNP,1982-07-01,3401.349
GNP,1982-10-01,3436.654
GNP,1983-01-01,3507.464
GNP,1983-04-01,3615.589
GNP,1983-07-01,3727.046
GNP,1983-10-01,3834.386
GNP,1984-01-01,3945.094
GNP,1984-04-01,4047.14
GNP,1984-07-01,4121.606
GNP,1984-10-01,4181.775
GNP,1985-01-01,4255.859
GNP,1985-04-01,4322.557
GNP,1985-07-01,4409.267
GNP,1985-10-01,4469.698
GNP,1986-01-01,4530.053
GNP,1986-04-01,4560.834
GNP,1986-07-01,4625.847
GNP,1986-10-01,4669.623
GNP,1987-01-01,4736.524
GNP,1987-04-01,4824.292
GNP,1987-07-01,4902.321
GNP,1987-10-01,5027.678
GNP,1988-01-01,5098.36
GNP,1988-04-01,5212.852
GNP,1988-07-01,5302.996
GNP,1988-10-01,5422.172
GNP,1989-01-01,5533.649
GNP,1989-04-01,5634.129
GNP,1989-07-01,5719.661
GNP,1989-10-01,5778.036
GNP,1990-01-01,5902.22
GNP,1990-04-01,5991.651
GNP,1990-07-01,6042.253
GNP,1990-10-01,6055.22
GNP,1991-01-01,6074.636
GNP,1991-04-01,6155.42
GNP,1991-07-01,6231.047
GNP,1991-10-01,6297.761
GNP,1992-01-01,6395.836
GNP,1992-04-01,6502.819
GNP,1992-07-01,6595.851
GNP,1992-10-01,6711.112
GNP,1993-01-01,6766.665
GNP,1993-04-01,6839.59
GNP,1993-07-01,6918.254
GNP,1993-10-01,7034.356
GNP,1994-01-01,7143.011
GNP,1994-04-01,7269.779
GNP,1994-07-01,7352.37
GNP,1994-10-01,7475.65
GNP,1995-01-01,7552.116
GNP,1995-04-01,7613.638
GNP,1995-07-01,7701.977
GNP,1995-10-01,7803.073
GNP,1996-01-01,7905.735
GNP,1996-04-01,8061.846
GNP,1996-07-01,8157.22
GNP,1996-10-01,8291.163
GNP,1997-01-01,8385.773
GNP,1997-04-01,8549.503
GNP,1997-07-01,8685.903
GNP,1997-10-01,8782.231
GNP,1998-01-01,8891.834
GNP,1998-04-01,8992.195
GNP,1998-07-01,9130.667
GNP,1998-10-01,9306.215
GNP,1999-01-01,9437.614
GNP,1999-04-01,9557.13
GNP,1999-07-01,9715.248
GNP,1999-10-01,9938.31
GNP,2000-01-01,10035.263
GNP,2000-04-01,10283.391
GNP,2000-07-01,10348.645
GNP,2000-10-01,10490.43
GNP,2001-01-01,10510.297
GNP,2001-04-01,10647.427
GNP,2001-07-01,10623.039
GNP,2001-10-01,10748.408
GNP,2002-01-01,10833.143
GNP,2002-04-01,10918.384
GNP,2002-07-01,11027.515
GNP,2002-10-01,11120.565
GNP,2003-01-01,11217.689
GNP,2003-04-01,11369.131
GNP,2003-07-01,11621.172
GNP,2003-10-01,11851.792
GNP,2004-01-01,12021.455
GNP,2004-04-01,12185.61
GNP,2004-07-01,12386.919
GNP,2004-10-01,12581.653
GNP,2005-01-01,12854.364
GNP,2005-04-01,12996.998
GNP,2005-07-01,13225.668
GNP,2005-10-01,13378.959
GNP,2006-01-01,13654.952
GNP,2006-04-01,13802.877
GNP,2006-07-01,13906.646
GNP,2006-10-01,14083.697
GNP,2007-01-01,14258.594
GNP,2007-04-01,14463.277
GNP,2007-07-01,14681.751
GNP,2007-10-01,14875.943
GNP,2008-01-01,14857.342
GNP,2008-04-01,15023.21
GNP,2008-07-01,15075.73
GNP,2008-10-01,14704.022
GNP,2009-01-01,14551.583
GNP,2009-04-01,14504.002
GNP,2009-07-01,14631.308
GNP,2009-10-01,14826.345
GNP,2010-01-01,14968.895
GNP,2010-04-01,15187.024
GNP,2010-07-01,15339.713
GNP,2010-10-01,15522.784
GNP,2011-01-01,15574.336
GNP,2011-04-01,15780.01
GNP,2011-07-01,15893.498
GNP,2011-10-01,16102.811
GNP,2012-01-01,16314.993
GNP,2012-04-01,16435.211
GNP,2012-07-01,16548.753
GNP,2012-10-01,16647.685
GNP,2013-01-01,16864.086
GNP,2013-04-01,16957.701
GNP,2013-07-01,17194.256
GNP,2013-10-01,17427.64
GNP,2014-01-01,17435.205
GNP,2014-04-01,17746.905
GNP,2014-07-01,18056.23
GNP,2014-10-01,18134.846
GNP,2015-01-01,18286.27
GNP,2015-04-01,18491.766
GNP,2015-07-01,18614.786
GNP,2015-10-01,18667.767
GNP,2016-01-01,18740.558
GNP,2016-04-01,18927.449
GNP,2016-07-01,19112.464
GNP,2016-10-01,19364.643
GNP,2017-01-01,19552.357
GNP,2017-04-01,19702.804
GNP,2017-07-01,20001.049
GNP,2017-10-01,20363.997
GNP,2018-01-01,20643.376
GNP,2018-04-01,20884.383
GNP,2018-07-01,21066.974
GNP,2018-10-01,21192.559
GNP,2019-01-01,21403.915
GNP,2019-04-01,21690.852
GNP,2019-07-01,21996.917
GNP,2019-10-01,22195.823
GNP,2020-01-01,21998.949
GNP,2020-04-01,20113.855
GNP,2020-07-01,21894.428
GNP,2020-10-01,22255.575
GNP,2021-01-01,22840.255
GNP,2021-04-01,23498.853
GNP,2021-07-01,24057.411
GNP,2021-10-01,24938.771
GNP,2022-01-01,25333.142
GNP,2022-04-01,25966.766
GNP,2022-07-01,26448.575
GNP,2022-10-01,26876.174
GNP,2023-01-01,27264.425
GNP,2023-04-01,27558.547
GNP,2023-07-01,28068.197
GNP,2023-10-01,28391.849
GNP,2024-01-01,28706.261
GNP,2024-04-01,29076.614
GNP,2024-07-01,29388.064
GNP,2024-10-01,29801.493
