date,price,diff
1/2/2024,44.98966599,
1/3/2024,45.23274231,0.243076324
1/4/2024,44.62989807,-0.602844238
1/5/2024,44.77574539,0.145847321
1/8/2024,44.69796371,-0.077781677
1/9/2024,44.96049118,0.262527466
1/10/2024,44.86325455,-0.097236633
1/11/2024,44.58128357,-0.281970978
1/12/2024,44.75630188,0.175018311
1/16/2024,45.12578583,0.369483948
1/17/2024,45.24246597,0.116680145
1/18/2024,44.87298203,-0.369483948
1/19/2024,44.66878891,-0.204193115
1/22/2024,44.65906906,-0.009719849
1/23/2024,44.97021484,0.311145782
1/24/2024,44.82436371,-0.145851135
1/25/2024,45.14523697,0.32087326
1/26/2024,45.01882935,-0.126407623
1/29/2024,45.24246597,0.223636627
1/30/2024,45.35914612,0.116680145
1/31/2024,44.86325455,-0.495891571
2/1/2024,45.4174881,0.554233551
2/2/2024,44.86325455,-0.554233551
2/5/2024,44.71741104,-0.145843506
2/6/2024,43.74508286,-0.972328186
2/7/2024,43.38531876,-0.359764099
2/8/2024,44.18262863,0.797309875
2/9/2024,44.15345764,-0.02917099
2/12/2024,44.57155991,0.418102264
2/13/2024,44.30902863,-0.262531281
2/14/2024,44.71023941,0.401210785
2/15/2024,45.8649292,1.154689789
2/16/2024,46.61842346,0.753494263
2/20/2024,46.97069931,0.352275848
2/21/2024,46.78477859,-0.185920715
2/22/2024,46.81413269,0.029354095
2/23/2024,47.17619705,0.362064362
2/26/2024,46.24656677,-0.92963028
2/27/2024,47.33276749,1.086200714
2/28/2024,47.48933411,0.15656662
2/29/2024,48.54618073,1.056846619
3/1/2024,48.10583115,-0.440349579
3/4/2024,48.31132126,0.205490112
3/5/2024,48.4189682,0.107646942
3/6/2024,49.40731049,0.988342285
3/7/2024,54.29030609,4.882995605
3/8/2024,54.76979828,0.479492188
3/11/2024,53.8108139,-0.958984375
3/12/2024,54.12394714,0.31313324
3/13/2024,54.87744141,0.753494263
3/14/2024,54.31965637,-0.557785034
3/15/2024,54.85786819,0.538211823
3/18/2024,54.98507309,0.127204895
3/19/2024,55.26886368,0.283790588
3/20/2024,55.61135864,0.342494965
3/21/2024,55.79727936,0.185920715
3/22/2024,55.33736038,-0.459918976
3/25/2024,54.76000977,-0.577350616
3/26/2024,55.18079376,0.420783997
3/27/2024,55.67985535,0.499061584
3/28/2024,55.90492249,0.225067139
4/1/2024,55.76792526,-0.136997223
4/2/2024,56.58012772,0.812202454
4/3/2024,56.5214119,-0.05871582
4/4/2024,56.20827103,-0.313140869
4/5/2024,56.08106232,-0.12720871
4/8/2024,54.18266296,-1.898399353
4/9/2024,54.23158646,0.048923492
4/10/2024,55.38628387,1.154697418
4/11/2024,54.94593811,-0.440345764
4/12/2024,54.01631165,-0.929626465
4/15/2024,54.17287827,0.15656662
4/16/2024,54.09459305,-0.078285217
4/17/2024,54.07501984,-0.019573212
4/18/2024,54.37837601,0.303356171
4/19/2024,55.35693359,0.978557587
4/22/2024,55.70920944,0.352275848
4/23/2024,54.4370842,-1.272125244
4/24/2024,54.94593811,0.508853912
4/25/2024,54.71108246,-0.234855652
4/26/2024,54.30009079,-0.410991669
4/29/2024,54.37837601,0.078285217
4/30/2024,54.19244385,-0.185932159
5/1/2024,53.59553146,-0.596912384
5/2/2024,53.90866852,0.313137054
5/3/2024,53.60531235,-0.303356171
5/6/2024,54.05545044,0.450138092
5/7/2024,54.12394714,0.068496704
5/8/2024,54.19244385,0.068496704
5/9/2024,53.8205986,-0.371845245
5/10/2024,54.70129776,0.880699158
5/13/2024,54.01631165,-0.684986115
5/14/2024,54.38028336,0.36397171
5/15/2024,53.49493408,-0.885349274
5/16/2024,53.55395508,0.059020996
5/17/2024,53.31786728,-0.236087799
5/20/2024,53.01290512,-0.304962158
5/21/2024,52.78665161,-0.22625351
5/22/2024,53.04241562,0.255764008
5/23/2024,52.44234848,-0.600067139
5/24/2024,52.12755966,-0.314788818
5/28/2024,51.45862579,-0.668933868
5/29/2024,51.04545975,-0.413166046
5/30/2024,51.13399506,0.088535309
5/31/2024,51.51764679,0.383651733
6/3/2024,51.01594543,-0.501701355
6/4/2024,51.19301987,0.177074432
6/5/2024,50.83887863,-0.354141235
6/6/2024,51.10448456,0.265605927
6/7/2024,51.13399506,0.029510498
6/10/2024,50.79952621,-0.334468842
6/11/2024,50.53392029,-0.265605927
6/12/2024,49.35345459,-1.180465698
6/13/2024,49.69775772,0.344303131
6/14/2024,49.56003571,-0.137722015
6/17/2024,50.21913147,0.659095764
6/18/2024,51.13399506,0.914863586
6/20/2024,49.46166611,-1.672328949
6/21/2024,49.39279938,-0.06886673
6/24/2024,49.20589447,-0.186904907
6/25/2024,49.00915146,-0.196743011
6/26/2024,48.57631302,-0.43283844
6/27/2024,48.56647491,-0.009838104
6/28/2024,49.11736298,0.550888062
7/1/2024,49.73710632,0.619743347
7/2/2024,49.60922241,-0.127883911
7/3/2024,49.92401123,0.314788818
7/5/2024,50.99627686,1.072265625
7/8/2024,51.09464645,0.098369598
7/9/2024,51.01594543,-0.078701019
7/10/2024,52.12755966,1.111614227
7/11/2024,51.89146423,-0.236095428
7/12/2024,51.63569641,-0.255767822
7/15/2024,51.27171707,-0.36397934
7/16/2024,52.7276268,1.455909729
7/17/2024,53.90810013,1.180473328
7/18/2024,53.91793823,0.009838104
7/19/2024,53.62281799,-0.295120239
7/22/2024,53.96712494,0.344306946
7/23/2024,52.96372604,-1.003398895
7/24/2024,53.29818726,0.334461212
7/25/2024,52.44234848,-0.855838776
7/26/2024,53.38672256,0.944374084
7/29/2024,53.31786728,-0.068855286
7/30/2024,53.80972672,0.491859436
7/31/2024,53.6129837,-0.196743011
8/1/2024,54.19337845,0.580394745
8/2/2024,53.44574738,-0.747631073
8/5/2024,53.02275085,-0.422996521
8/6/2024,53.24900055,0.226249695
8/7/2024,53.02275085,-0.226249695
8/8/2024,53.43590927,0.413158417
8/9/2024,53.04241562,-0.393493652
8/12/2024,52.37348938,-0.668926239
8/13/2024,51.75374222,-0.619747162
8/14/2024,51.84227753,0.088535309
8/15/2024,52.34704208,0.504764557
8/16/2024,52.64395905,0.296916962
8/19/2024,52.21837234,-0.4255867
8/20/2024,51.50576782,-0.712604523
8/21/2024,52.16888428,0.663116455
8/22/2024,51.683918,-0.484966278
8/23/2024,51.41669083,-0.267227173
8/26/2024,52.22827148,0.811580658
8/27/2024,52.17878723,-0.049484253
8/28/2024,52.71323776,0.534450531
8/29/2024,51.96104431,-0.752193451
8/30/2024,52.66375351,0.702709198
9/3/2024,53.14872742,0.484973907
9/4/2024,52.8122139,-0.336513519
9/5/2024,52.82210922,0.009895325
9/6/2024,51.73340607,-1.088703156
9/9/2024,51.43648529,-0.296920776
9/10/2024,51.76309967,0.32661438
9/11/2024,50.97130966,-0.791790009
9/12/2024,54.63332748,3.662017822
9/13/2024,55.33603668,0.702709198
9/16/2024,55.61316299,0.277126312
9/17/2024,54.47496796,-1.138195038
9/18/2024,54.05927658,-0.415691376
9/19/2024,54.26712418,0.207847595
9/20/2024,54.8213768,0.554252625
9/23/2024,55.56367493,0.742298126
9/24/2024,55.48450089,-0.079174042
9/25/2024,56.01895142,0.534450531
9/26/2024,54.90055847,-1.118392944
9/27/2024,55.93977737,1.039218903
9/30/2024,56.71176529,0.771987915
10/1/2024,56.12782288,-0.583942413
10/2/2024,55.51419067,-0.613632202
10/3/2024,55.04901505,-0.465175629
10/4/2024,55.31624222,0.267227173
10/7/2024,55.38552475,0.069282532
10/8/2024,55.42511368,0.039588928
10/9/2024,55.57357407,0.148460388
10/10/2024,54.64322281,-0.930351257
10/11/2024,54.79168701,0.148464203
10/14/2024,54.70261002,-0.089076996
10/15/2024,55.56367493,0.861064911
10/16/2024,56.0684433,0.504768372
10/17/2024,55.95957184,-0.10887146
10/18/2024,55.94966888,-0.009902954
10/21/2024,55.76162338,-0.188045502
10/22/2024,55.85069656,0.089073181
10/23/2024,57.02848434,1.177787781
10/24/2024,56.10802841,-0.920455933
10/25/2024,56.78104782,0.673019409
10/28/2024,56.52371979,-0.257328033
10/29/2024,55.41521835,-1.108501434
10/30/2024,55.16778564,-0.247432709
10/31/2024,55.19747543,0.029689789
11/1/2024,55.98926163,0.791786194
11/4/2024,55.69234467,-0.296916962
11/5/2024,56.80084229,1.10849762
11/6/2024,59.18610001,2.385257721
11/7/2024,58.70113373,-0.484966278
11/8/2024,59.29497147,0.593837738
11/11/2024,58.98815536,-0.306816101
11/12/2024,59.06733704,0.079181671
11/13/2024,58.96836472,-0.098972321
11/14/2024,58.4734993,-0.494865417
11/15/2024,57.73710251,-0.73639679
11/18/2024,57.77690887,0.039806366
11/19/2024,57.81671143,0.039802551
11/20/2024,57.32910538,-0.487606049
11/21/2024,58.29437637,0.965270996
11/22/2024,58.93125534,0.636878967
11/25/2024,59.79701233,0.865756989
11/26/2024,60.27466965,0.477657318
11/27/2024,60.20501328,-0.069656372
11/29/2024,60.7821846,0.577171326
12/2/2024,59.85671997,-0.92546463
12/3/2024,59.67759705,-0.179122925
12/4/2024,59.6178894,-0.059707642
12/5/2024,60.41398621,0.796096802
12/6/2024,58.94120407,-1.472782135
12/9/2024,57.48832321,-1.452880859
12/10/2024,60.4338913,2.945568085
12/11/2024,61.03096771,0.597076416
12/12/2024,62.99135971,1.960391998
12/13/2024,61.75740814,-1.233951569
12/16/2024,61.71760178,-0.039806366
12/17/2024,60.87174225,-0.845859528
12/18/2024,60.59310913,-0.278633118
12/19/2024,60.66276932,0.069660187
12/20/2024,61.54842758,0.885658264
12/23/2024,60.66276932,-0.885658264
12/24/2024,61.52853012,0.865760803
12/26/2024,62.45399094,0.925460815
12/27/2024,62.03604126,-0.417949677
12/30/2024,60.9314537,-1.104587555
