date,observed,trend,seasonal,residual
1992-01-01,12784.3,,-61.68394458912065,
1992-02-01,12581.9,,-238.6051685474535,
1992-03-01,12543.3,,-220.03941333912047,
1992-04-01,12632.0,,-232.68042896412027,
1992-05-01,12735.4,,-125.06519458912057,
1992-06-01,12819.7,,-17.3396737557871,
1992-07-01,12799.8,12828.333333333332,-12.036895978009529,-16.49643735532332
1992-08-01,12805.1,12835.495833333334,-9.533684172453897,-20.862149160880044
1992-09-01,12778.3,12844.579166666665,-91.99006438078722,25.710897714121884
1992-10-01,12884.5,12853.354166666664,41.73285228587991,-10.587018952544149
1992-11-01,13141.0,12862.833333333332,401.8023835358798,-123.63571686921193
1992-12-01,13405.4,12874.079166666666,565.4392324942133,-34.11839916088013
1993-01-01,12842.9,12888.670833333332,-61.68394458912065,15.913111255788529
1993-02-01,12695.2,12906.899999999998,-238.6051685474535,26.905168547456412
1993-03-01,12648.0,12927.6875,-220.03941333912047,-59.64808666087953
1993-04-01,12737.9,12950.425,-232.68042896412027,20.15542896412063
1993-05-01,12857.0,12975.05,-125.06519458912057,7.015194589121293
1993-06-01,12968.0,13002.158333333331,-17.3396737557871,-16.81865957754393
1993-07-01,13001.7,13028.970833333333,-12.036895978009529,-15.233937355322592
1993-08-01,13040.7,13054.491666666667,-9.533684172453897,-4.257982494212163
1993-09-01,13041.6,13083.900000000001,-91.99006438078722,49.690064380786126
1993-10-01,13166.9,13117.779166666665,41.73285228587991,7.387981047454396
1993-11-01,13449.6,13153.070833333333,401.8023835358798,-105.27321686921266
1993-12-01,13747.4,13189.754166666668,565.4392324942133,-7.793399160881222
1994-01-01,13144.4,13228.387499999999,-61.68394458912065,-22.303555410878623
1994-02-01,13006.2,13269.025,-238.6051685474535,-24.219831452545407
1994-03-01,13042.8,13311.954166666666,-220.03941333912047,-49.11475332754668
1994-04-01,13156.2,13356.95,-232.68042896412027,31.930428964120267
1994-05-01,13285.7,13406.425,-125.06519458912057,4.340194589122021
1994-06-01,13419.7,13458.962500000001,-17.3396737557871,-21.922826244213628
1994-07-01,13477.2,13510.7625,-12.036895978009529,-21.52560402199047
1994-08-01,13540.5,13560.070833333333,-9.533684172453897,-10.037149160879315
1994-09-01,13572.1,13603.783333333333,-91.99006438078722,60.30673104745473
1994-10-01,13716.3,13644.324999999997,41.73285228587991,30.242147714122275
1994-11-01,14087.6,13683.80833333333,401.8023835358798,1.989283130789886
1994-12-01,14370.3,13721.479166666662,565.4392324942133,83.38160083912351
1995-01-01,13764.7,13756.199999999997,-61.68394458912065,70.18394458912428
1995-02-01,13569.3,13787.270833333332,-238.6051685474535,20.634335214120654
1995-03-01,13528.8,13815.033333333331,-220.03941333912047,-66.19391999421129
1995-04-01,13643.2,13839.5625,-232.68042896412027,36.317928964120995
1995-05-01,13746.3,13861.466666666667,-125.06519458912057,9.898527922452686
1995-06-01,13863.2,13880.362500000001,-17.3396737557871,0.1771737557867361
1995-07-01,13867.0,13895.237500000001,-12.036895978009529,-16.200604021991563
1995-08-01,13896.4,13907.737500000001,-9.533684172453897,-1.8038158275475578
1995-09-01,13882.5,13922.537500000002,-91.99006438078722,51.952564380785034
1995-10-01,13994.6,13937.608333333335,41.73285228587991,15.258814380785061
1995-11-01,14335.0,13953.85,401.8023835358798,-20.652383535880176
1995-12-01,14576.4,13973.233333333334,565.4392324942133,37.72743417245272
1996-01-01,13915.6,13993.504166666666,-61.68394458912065,-16.220222077544683
1996-02-01,13718.4,14014.858333333332,-238.6051685474535,-57.85316478587862
1996-03-01,13734.9,14036.283333333333,-220.03941333912047,-81.34391999421274
1996-04-01,13798.8,14060.312499999998,-232.68042896412027,-28.83207103587864
1996-05-01,13980.5,14087.925000000001,-125.06519458912057,17.640194589119474
1996-06-01,14094.2,14117.454166666665,-17.3396737557871,-5.914492910876778
1996-07-01,14122.5,14145.066666666666,-12.036895978009529,-10.529770688656168
1996-08-01,14153.4,14169.545833333332,-9.533684172453897,-6.612149160878223
1996-09-01,14139.7,14193.729166666664,-91.99006438078722,37.9608977141237
1996-10-01,14314.1,14218.549999999997,41.73285228587991,53.817147714123
1996-11-01,14678.2,14241.541666666666,401.8023835358798,34.855949797454855
1996-12-01,14941.9,14261.379166666664,565.4392324942133,115.08160083912242
1997-01-01,14212.8,14279.979166666664,-61.68394458912065,-5.4952220775443195
1997-02-01,14008.7,14298.274999999996,-238.6051685474535,-50.96983145254177
1997-03-01,14025.0,14316.049999999997,-220.03941333912047,-71.01058666087698
1997-04-01,14104.4,14333.024999999998,-232.68042896412027,4.055428964122086
1997-05-01,14226.7,14350.233333333332,-125.06519458912057,1.5318612557895364
1997-06-01,14324.1,14368.079166666666,-17.3396737557871,-26.63949291087896
1997-07-01,14339.0,14386.629166666666,-12.036895978009529,-35.59227068865617
1997-08-01,14376.0,14405.158333333333,-9.533684172453897,-19.624649160878953
1997-09-01,14343.7,14421.929166666667,-91.99006438078722,13.760897714121157
1997-10-01,14517.5,14437.975,41.73285228587991,37.79214771411973
1997-11-01,14887.8,14455.858333333335,401.8023835358798,30.139283130784065
1997-12-01,15160.6,14474.841666666669,565.4392324942133,120.31910083911805
1998-01-01,14439.3,14494.520833333334,-61.68394458912065,6.463111255785982
1998-02-01,14226.9,14514.0375,-238.6051685474535,-48.532331452547226
1998-03-01,14209.3,14533.333333333336,-220.03941333912047,-103.99391999421601
1998-04-01,14305.2,14552.095833333333,-232.68042896412027,-14.215404369211853
1998-05-01,14455.1,14569.545833333335,-125.06519458912057,10.619361255785535
1998-06-01,14551.3,14586.975,-17.3396737557871,-18.33532624421399
1998-07-01,14584.1,14606.025,-12.036895978009529,-9.888104021989744
1998-08-01,14599.3,14629.7125,-9.533684172453897,-20.878815827546468
1998-09-01,14583.5,14657.566666666668,-91.99006438078722,17.9233977141197
1998-10-01,14728.0,14687.545833333334,41.73285228587991,-1.2786856192134834
1998-11-01,15096.1,14717.808333333332,401.8023835358798,-23.510716869211933
1998-12-01,15370.6,14747.570833333333,565.4392324942133,57.58993417245381
1999-01-01,14686.5,14778.129166666666,-61.68394458912065,-29.945222077545047
1999-02-01,14548.2,14809.191666666666,-238.6051685474535,-22.386498119211467
1999-03-01,14556.5,14839.708333333334,-220.03941333912047,-63.16891999421347
1999-04-01,14677.5,14870.879166666666,-232.68042896412027,39.30126229745457
1999-05-01,14809.1,14903.2375,-125.06519458912057,30.927694589121657
1999-06-01,14911.6,14936.991666666663,-17.3396737557871,-8.051992910875686
1999-07-01,14957.2,14971.883333333331,-12.036895978009529,-2.6464373553211367
1999-08-01,14971.7,15003.774999999998,-9.533684172453897,-22.541315827543194
1999-09-01,14943.5,15033.645833333334,-91.99006438078722,1.8442310474532775
1999-10-01,15116.1,15065.266666666666,41.73285228587991,9.100481047454032
1999-11-01,15484.6,15094.725,401.8023835358798,-11.927383535879812
1999-12-01,15792.2,15120.691666666666,565.4392324942133,106.06910083912169
2000-01-01,15102.3,15144.4875,-61.68394458912065,19.49644458912065
2000-02-01,14897.8,15167.099999999999,-238.6051685474535,-30.69483145254577
2000-03-01,14923.8,15190.166666666664,-220.03941333912047,-46.3272533275445
2000-04-01,15069.1,15211.8,-232.68042896412027,89.98042896412136
2000-05-01,15124.5,15233.27083333333,-125.06519458912057,16.294361255790264
2000-06-01,15219.4,15253.429166666665,-17.3396737557871,-16.689492910878233
2000-07-01,15220.5,15269.124999999998,-12.036895978009529,-36.588104021988656
2000-08-01,15251.1,15283.170833333332,-9.533684172453897,-22.537149160877497
2000-09-01,15217.7,15295.841666666665,-91.99006438078722,13.848397714122612
2000-10-01,15361.1,15299.374999999998,41.73285228587991,19.992147714122275
2000-11-01,15754.9,15297.895833333332,401.8023835358798,55.2017831307877
2000-12-01,16005.7,15298.533333333333,565.4392324942133,141.72743417245454
2001-01-01,15265.5,15295.4625,-61.68394458912065,31.721444589121013
2001-02-01,15071.7,15288.604166666666,-238.6051685474535,21.70100188078817
2001-03-01,15054.0,15280.320833333333,-220.03941333912047,-6.28141999421274
2001-04-01,15023.7,15268.908333333333,-232.68042896412027,-12.527904369211853
2001-05-01,15134.4,15253.770833333334,-125.06519458912057,5.694361255786262
2001-06-01,15224.8,15232.15,-17.3396737557871,9.989673755786736
2001-07-01,15141.4,15206.283333333333,-12.036895978009529,-52.84643735532369
2001-08-01,15165.6,15180.658333333335,-9.533684172453897,-5.524649160880406
2001-09-01,15104.4,15156.691666666668,-91.99006438078722,39.69839771411934
2001-10-01,15200.5,15138.3875,41.73285228587991,20.379647714119365
2001-11-01,15552.2,15122.824999999997,401.8023835358798,27.572616464123826
2001-12-01,15689.5,15105.479166666664,565.4392324942133,18.581600839122416
2002-01-01,14960.9,15089.979166666664,-61.68394458912065,-67.39522207754396
2002-02-01,14761.3,15074.791666666664,-238.6051685474535,-74.88649811921147
2002-03-01,14789.2,15056.716666666664,-220.03941333912047,-47.477253327542314
2002-04-01,14849.2,15039.329166666665,-232.68042896412027,42.55126229745639
2002-05-01,14935.4,15023.179166666665,-125.06519458912057,37.28602792245523
2002-06-01,15007.5,15009.258333333333,-17.3396737557871,15.581340422453888
2002-07-01,14986.7,14998.05833333333,-12.036895978009529,0.6785626446795909
2002-08-01,14955.8,14987.025,-9.533684172453897,-21.691315827546468
2002-09-01,14880.4,14974.549999999997,-91.99006438078722,-2.1599356192106
2002-10-01,15007.2,14961.458333333332,41.73285228587991,4.008814380788699
2002-11-01,15357.9,14949.499999999998,401.8023835358798,6.597616464121643
2002-12-01,15549.7,14937.737499999997,565.4392324942133,46.52326750578993
2003-01-01,14831.9,14925.262499999999,-61.68394458912065,-31.678555410878623
2003-02-01,14625.5,14915.295833333334,-238.6051685474535,-51.190664785880074
2003-03-01,14625.6,14909.891666666666,-220.03941333912047,-64.25225332754559
2003-04-01,14698.6,14907.025,-232.68042896412027,24.255428964120995
2003-05-01,14799.0,14903.058333333332,-125.06519458912057,21.00686125578808
2003-06-01,14861.6,14897.083333333332,-17.3396737557871,-18.143659577544657
2003-07-01,14833.2,14894.0625,-12.036895978009529,-48.82560402198975
2003-08-01,14870.1,14895.708333333334,-9.533684172453897,-16.07464916087968
2003-09-01,14836.4,14902.404166666667,-91.99006438078722,25.9858977141197
2003-10-01,14982.4,14913.091666666664,41.73285228587991,27.575481047456215
2003-11-01,15287.5,14925.287499999997,401.8023835358798,-39.58988353587654
2003-12-01,15476.7,14939.816666666664,565.4392324942133,-28.555899160876493
2004-01-01,14832.4,14955.616666666665,-61.68394458912065,-61.53272207754468
2004-02-01,14664.5,14969.908333333333,-238.6051685474535,-66.80316478587935
2004-03-01,14747.3,14981.724999999997,-220.03941333912047,-14.385586660876982
2004-04-01,14833.4,14993.012499999999,-232.68042896412027,73.067928964121
2004-05-01,14956.9,15007.591666666665,-125.06519458912057,74.37352792245487
2004-06-01,15052.4,15024.570833333331,-17.3396737557871,45.16884042245535
2004-07-01,15021.6,15040.687499999998,-12.036895978009529,-7.050604021988288
2004-08-01,15024.7,15057.491666666667,-9.533684172453897,-23.257982494212165
2004-09-01,14965.4,15073.870833333332,-91.99006438078722,-16.48076895254563
2004-10-01,15124.3,15089.754166666668,41.73285228587991,-7.187018952548151
2004-11-01,15495.5,15106.833333333334,401.8023835358798,-13.135716869213752
2004-12-01,15676.2,15124.408333333331,565.4392324942133,-13.647565827543644
2005-01-01,15019.7,15144.85,-61.68394458912065,-63.46605541087899
2005-02-01,14880.5,15168.470833333333,-238.6051685474535,-49.365664785879346
2005-03-01,14924.4,15190.170833333332,-220.03941333912047,-45.73141999421165
2005-04-01,15037.5,15207.70833333333,-232.68042896412027,62.472095630789966
2005-05-01,15162.7,15224.641666666665,-125.06519458912057,63.12352792245669
2005-06-01,15268.4,15243.116666666665,-17.3396737557871,42.62300708912177
2005-07-01,15296.2,15260.699999999999,-12.036895978009529,47.536895978011344
2005-08-01,15317.0,15275.166666666664,-9.533684172453897,51.367017505789654
2005-09-01,15193.9,15289.641666666665,-91.99006438078722,-3.751602285877752
2005-10-01,15316.7,15301.870833333332,41.73285228587991,-26.903685619211664
2005-11-01,15709.5,15308.44583333333,401.8023835358798,-0.7482168692093865
2005-12-01,15905.6,15312.09583333333,565.4392324942133,28.06493417245781
2006-01-01,15212.3,15313.245833333329,-61.68394458912065,-39.261888744208925
2006-02-01,15035.1,15312.558333333329,-238.6051685474535,-38.85316478587498
2006-03-01,15117.2,15312.27083333333,-220.03941333912047,24.968580005790898
2006-04-01,15138.2,15314.02083333333,-232.68042896412027,56.85959563079069
2006-05-01,15219.8,15318.387499999999,-125.06519458912057,26.47769458912093
2006-06-01,15298.9,15323.054166666667,-17.3396737557871,-6.814492910880052
2006-07-01,15293.3,15328.816666666666,-12.036895978009529,-23.479770688656895
2006-08-01,15303.4,15337.475,-9.533684172453897,-24.541315827546832
2006-09-01,15200.6,15348.349999999999,-91.99006438078722,-55.759935619210964
2006-10-01,15352.0,15360.995833333329,41.73285228587991,-50.728685619208754
2006-11-01,15779.0,15376.079166666663,401.8023835358798,1.1184497974574015
2006-12-01,15948.1,15392.083333333332,565.4392324942133,-9.4225658275451
2007-01-01,15308.1,15407.166666666666,-61.68394458912065,-37.38272207754505
2007-02-01,15147.1,15423.170833333334,-238.6051685474535,-37.46566478587971
2007-03-01,15266.2,15439.916666666668,-220.03941333912047,46.32274667245332
2007-04-01,15292.7,15454.258333333333,-232.68042896412027,71.12209563078778
2007-05-01,15427.3,15467.604166666666,-125.06519458912057,84.76102792245378
2007-06-01,15475.5,15482.470833333333,-17.3396737557871,10.368840422454252
2007-07-01,15478.7,15494.854166666668,-12.036895978009529,-4.117270688657623
2007-08-01,15502.1,15501.820833333333,-9.533684172453897,9.81285083912105
2007-09-01,15403.8,15503.033333333333,-91.99006438078722,-7.243268952546359
2007-10-01,15493.0,15498.829166666665,41.73285228587991,-47.56201895254451
2007-11-01,15958.3,15488.62083333333,401.8023835358798,67.8767831307888
2007-12-01,16125.6,15474.758333333331,565.4392324942133,85.40243417245563
2008-01-01,15427.8,15458.979166666664,-61.68394458912065,30.50477792245568
2008-02-01,15194.6,15439.05833333333,-238.6051685474535,-5.8531647858768
2008-03-01,15247.8,15413.541666666662,-220.03941333912047,54.29774667245732
2008-04-01,15210.2,15382.87083333333,-232.68042896412027,60.00959563079033
2008-05-01,15264.8,15339.62083333333,-125.06519458912057,50.24436125578917
2008-06-01,15305.3,15281.908333333331,-17.3396737557871,40.73134042245535
2008-07-01,15270.2,15218.629166666668,-12.036895978009529,63.60772931134274
2008-08-01,15232.5,15153.108333333332,-9.533684172453897,88.92535083912215
2008-09-01,15061.0,15083.512499999997,-91.99006438078722,69.47756438079013
2008-10-01,15099.7,15011.604166666664,41.73285228587991,46.36298104745658
2008-11-01,15313.6,14942.483333333334,401.8023835358798,-30.685716869213024
2008-12-01,15385.2,14875.3625,565.4392324942133,-55.60173249421189
2009-01-01,14649.5,14807.775,-61.68394458912065,-96.591055410879
2009-02-01,14400.4,14741.204166666666,-238.6051685474535,-102.19899811921329
2009-03-01,14371.7,14678.216666666667,-220.03941333912047,-86.47725332754595
2009-04-01,14360.5,14617.341666666667,-232.68042896412027,-24.161237702546885
2009-05-01,14455.6,14561.054166666665,-125.06519458912057,19.61102792245596
2009-06-01,14503.6,14511.595833333333,-17.3396737557871,9.343840422454615
2009-07-01,14449.8,14471.508333333333,-12.036895978009529,-9.67143735532441
2009-08-01,14455.2,14441.616666666667,-9.533684172453897,23.117017505787835
2009-09-01,14326.6,14419.908333333333,-91.99006438078722,-1.3182689525452673
2009-10-01,14373.1,14405.9125,41.73285228587991,-74.54535228587991
2009-11-01,14689.3,14395.508333333333,401.8023835358798,-108.01071686921375
2009-12-01,14822.5,14386.304166666665,565.4392324942133,-129.2433991608783
2010-01-01,14250.1,14380.045833333334,-61.68394458912065,-68.26188874421257
2010-02-01,14082.4,14376.733333333332,-238.6051685474535,-55.72816478587862
2010-03-01,14168.7,14374.99583333333,-220.03941333912047,13.743580005790534
2010-04-01,14227.6,14378.629166666664,-232.68042896412027,81.65126229745675
2010-05-01,14338.8,14387.549999999996,-125.06519458912057,76.3151945891242
2010-06-01,14399.5,14398.45833333333,-17.3396737557871,18.381340422456798
2010-07-01,14403.7,14410.916666666664,-12.036895978009529,4.820229311346015
2010-08-01,14421.8,14423.975,-9.533684172453897,7.358684172452806
2010-09-01,14318.3,14436.299999999997,-91.99006438078722,-26.009935619210964
2010-10-01,14468.6,14451.154166666665,41.73285228587991,-24.287018952544877
2010-11-01,14807.9,14468.833333333332,401.8023835358798,-62.7357168692123
2010-12-01,14965.7,14487.366666666665,565.4392324942133,-87.10589916087758
2011-01-01,14405.9,14508.6,-61.68394458912065,-41.01605541088008
2011-02-01,14240.0,14530.35,-238.6051685474535,-51.74483145254686
2011-03-01,14306.9,14551.404166666665,-220.03941333912047,-24.464753327545225
2011-04-01,14445.9,14571.933333333332,-232.68042896412027,106.64709563078742
2011-05-01,14544.8,14593.9375,-125.06519458912057,75.92769458911984
2011-06-01,14638.3,14617.920833333334,-17.3396737557871,37.7188404224528
2011-07-01,14674.5,14641.650000000001,-12.036895978009529,44.88689597800807
2011-08-01,14673.0,14663.2375,-9.533684172453897,19.296184172454623
2011-09-01,14572.4,14682.516666666666,-91.99006438078722,-18.12660228587957
2011-10-01,14707.2,14699.487500000001,41.73285228587991,-34.02035228588027
2011-11-01,15097.4,14714.658333333335,401.8023835358798,-19.060716869214843
2011-12-01,15251.8,14727.854166666666,565.4392324942133,-41.49339916088013
2012-01-01,14689.3,14736.991666666669,-61.68394458912065,13.992277922451315
2012-02-01,14474.7,14744.620833333332,-238.6051685474535,-31.315664785878255
2012-03-01,14534.9,14753.587500000001,-220.03941333912047,1.3519133391186529
2012-04-01,14625.2,14763.750000000002,-232.68042896412027,94.13042896411918
2012-05-01,14729.6,14778.1,-125.06519458912057,76.56519458912057
2012-06-01,14770.2,14794.104166666668,-17.3396737557871,-6.564492910880052
2012-07-01,14761.9,14806.020833333334,-12.036895978009529,-32.08393735532478
2012-08-01,14768.7,14817.366666666669,-9.533684172453897,-39.132982494213984
2012-09-01,14691.9,14829.054166666665,-91.99006438078722,-45.164102285878116
2012-10-01,14831.6,14840.137499999999,41.73285228587991,-50.27035228587845
2012-11-01,15317.4,14852.262499999999,401.8023835358798,63.335116464120915
2012-12-01,15415.9,14868.195833333333,565.4392324942133,-17.73506582754692
2013-01-01,14811.2,14889.670833333334,-61.68394458912065,-16.7868887442122
2013-02-01,14625.1,14914.80833333333,-238.6051685474535,-51.1031647858768
2013-03-01,14665.0,14940.924999999997,-220.03941333912047,-55.88558666087698
2013-04-01,14761.1,14967.754166666664,-232.68042896412027,26.026262297456753
2013-05-01,14884.7,14993.649999999998,-125.06519458912057,16.115194589123476
2013-06-01,14997.5,15021.312499999998,-17.3396737557871,-6.472826244211081
2013-07-01,15050.0,15049.866666666665,-12.036895978009529,12.17022931134456
2013-08-01,15083.9,15074.358333333332,-9.533684172453897,19.075350839121775
2013-09-01,15003.5,15098.454166666666,-91.99006438078722,-2.964102285879207
2013-10-01,15163.9,15124.612499999997,41.73285228587991,-2.445352285877725
2013-11-01,15606.6,15150.899999999996,401.8023835358798,53.89761646412455
2013-12-01,15790.6,15176.354166666664,565.4392324942133,48.80660083912278
2014-01-01,15121.8,15201.195833333333,-61.68394458912065,-17.71188874421329
2014-02-01,14902.3,15223.491666666663,-238.6051685474535,-82.58649811921038
2014-03-01,14966.1,15243.925,-220.03941333912047,-57.78558666087844
2014-04-01,15087.8,15265.287499999999,-232.68042896412027,55.192928964120995
2014-05-01,15188.9,15286.329166666666,-125.06519458912057,27.636027922453778
2014-06-01,15304.2,15304.795833333332,-17.3396737557871,16.74384042245607
2014-07-01,15339.5,15323.712499999998,-12.036895978009529,27.82439597801171
2014-08-01,15329.5,15346.17083333333,-9.533684172453897,-7.1371491608760405
2014-09-01,15248.3,15370.554166666665,-91.99006438078722,-30.26410228587848
2014-10-01,15431.8,15393.762499999995,41.73285228587991,-3.695352285875906
2014-11-01,15843.7,15416.779166666664,401.8023835358798,25.1184497974574
2014-12-01,15996.7,15439.854166666664,565.4392324942133,-8.593399160876857
2015-01-01,15369.7,15461.508333333333,-61.68394458912065,-30.124388744211835
2015-02-01,15193.4,15482.354166666666,-238.6051685474535,-50.34899811921292
2015-03-01,15260.2,15501.383333333335,-220.03941333912047,-21.14391999421383
2015-04-01,15350.7,15519.0625,-232.68042896412027,64.317928964121
2015-05-01,15478.4,15536.25,-125.06519458912057,67.2151945891202
2015-06-01,15568.5,15551.729166666666,-17.3396737557871,34.11050708912104
2015-07-01,15594.9,15567.312500000002,-12.036895978009529,39.62439597800734
2015-08-01,15574.4,15585.741666666665,-9.533684172453897,-1.8079824942114353
2015-09-01,15460.1,15606.704166666666,-91.99006438078722,-54.61410228587884
2015-10-01,15644.3,15627.8625,41.73285228587991,-25.295352285879908
2015-11-01,16043.7,15646.958333333334,401.8023835358798,-5.060716869213024
2015-12-01,16168.2,15665.391666666665,565.4392324942133,-62.63089916087722
2016-01-01,15572.2,15684.333333333332,-61.68394458912065,-50.449388744210744
2016-02-01,15433.2,15703.562499999998,-238.6051685474535,-31.75733145254395
2016-03-01,15523.5,15723.145833333332,-220.03941333912047,20.39358000578835
2016-04-01,15595.2,15741.266666666665,-232.68042896412027,86.61376229745639
2016-05-01,15692.2,15756.345833333333,-125.06519458912057,60.919361255788445
2016-06-01,15797.1,15770.158333333331,-17.3396737557871,44.28134042245644
2016-07-01,15820.9,15786.679166666667,-12.036895978009529,46.25772931134237
2016-08-01,15809.9,15801.904166666664,-9.533684172453897,17.529517505790018
2016-09-01,15694.6,15810.008333333331,-91.99006438078722,-23.418268952543812
2016-10-01,15844.7,15813.812499999998,41.73285228587991,-10.845352285877361
2016-11-01,16205.2,15815.774999999998,401.8023835358798,-12.377383535876902
2016-12-01,16338.2,15815.795833333332,565.4392324942133,-43.03506582754437
2017-01-01,15798.7,15813.8375,-61.68394458912065,46.54644458912174
2017-02-01,15572.1,15809.9875,-238.6051685474535,0.7176685474545934
2017-03-01,15579.1,15804.604166666666,-220.03941333912047,-5.464753327545225
2017-04-01,15630.9,15798.14583333333,-232.68042896412027,65.4345956307896
2017-05-01,15703.6,15795.72083333333,-125.06519458912057,32.94436125579172
2017-06-01,15786.2,15792.962499999998,-17.3396737557871,10.57717375579001
2017-07-01,15784.8,15783.454166666663,-12.036895978009529,13.382729311346015
2017-08-01,15753.6,15775.474999999995,-9.533684172453897,-12.341315827540646
2017-09-01,15621.7,15772.17083333333,-91.99006438078722,-58.48076895254199
2017-10-01,15762.6,15770.279166666665,41.73285228587991,-49.41201895254488
2017-11-01,16229.1,15769.925,401.8023835358798,57.37261646412128
2017-12-01,16248.1,15768.870833333332,565.4392324942133,-86.21006582754546
2018-01-01,15660.6,15765.733333333335,-61.68394458912065,-43.44938874421438
2018-02-01,15518.7,15762.4375,-238.6051685474535,-5.13233145254577
2018-03-01,15553.2,15757.625000000002,-220.03941333912047,15.61441333911938
2018-04-01,15611.4,15749.795833333334,-232.68042896412027,94.28459563078633
2018-05-01,15714.6,15741.058333333332,-125.06519458912057,98.60686125578844
2018-06-01,15749.9,15732.370833333332,-17.3396737557871,34.868840422454255
2018-07-01,15745.8,15723.891666666666,-12.036895978009529,33.94522931134237
2018-08-01,15713.5,15713.808333333332,-9.533684172453897,9.225350839121413
2018-09-01,15546.3,15699.762499999999,-91.99006438078722,-61.47243561921242
2018-10-01,15650.1,15683.504166666668,41.73285228587991,-75.13701895254707
2018-11-01,16131.9,15664.779166666667,401.8023835358798,65.31844979745267
2018-12-01,16136.8,15645.908333333333,565.4392324942133,-74.54756582754692
2019-01-01,15568.4,15629.087499999998,-61.68394458912065,0.9964445891224685
2019-02-01,15368.9,15612.15,-238.6051685474535,-4.644831452546498
2019-03-01,15365.9,15596.845833333331,-220.03941333912047,-10.906419994210921
2019-04-01,15408.5,15585.7875,-232.68042896412027,55.3929289641199
2019-05-01,15468.1,15574.445833333333,-125.06519458912057,18.719361255787717
2019-06-01,15543.5,15563.545833333334,-17.3396737557871,-2.706159577546476
2019-07-01,15548.5,15554.454166666666,-12.036895978009529,6.082729311343105
2019-08-01,15504.3,15546.2,-9.533684172453897,-32.36631582754756
2019-09-01,15388.2,15537.166666666666,-91.99006438078722,-56.976602285878116
2019-10-01,15542.8,15434.083333333332,41.73285228587991,66.98381438078724
2019-11-01,15967.0,15256.829166666665,401.8023835358798,308.3684497974556
2019-12-01,16040.1,15131.512499999999,565.4392324942133,343.1482675057881
2020-01-01,15446.9,15051.099999999997,-61.68394458912065,457.48394458912355
2020-02-01,15292.3,14991.941666666664,-238.6051685474535,538.963501880789
2020-03-01,15225.7,14945.837499999996,-220.03941333912047,499.9019133391252
2020-04-01,13074.7,14905.4375,-232.68042896412027,-1598.057071035879
2020-05-01,13547.8,14866.145833333332,-125.06519458912057,-1193.2806387442122
2020-06-01,14456.2,14827.224999999997,-17.3396737557871,-353.6853262442089
2020-07-01,14705.9,14794.641666666666,-12.036895978009529,-76.70477068865726
2020-08-01,14927.1,14767.27083333333,-9.533684172453897,169.36285083912395
2020-09-01,14858.9,14746.5625,-91.99006438078722,204.32756438078684
2020-10-01,15102.5,14819.766666666666,41.73285228587991,241.00048104745366
2020-11-01,15464.3,14966.491666666667,401.8023835358798,96.00594979745267
2020-12-01,15608.7,15066.383333333333,565.4392324942133,-23.122565827545827
2021-01-01,15096.3,15124.0625,-61.68394458912065,33.92144458911992
2021-02-01,14986.0,15159.058333333332,-238.6051685474535,65.54683521412102
2021-03-01,15035.0,15183.395833333332,-220.03941333912047,71.64358000578835
2021-04-01,15022.3,15207.124999999998,-232.68042896412027,47.85542896412136
2021-05-01,15121.6,15227.695833333333,-125.06519458912057,18.969361255787717
2021-06-01,15279.8,15245.275,-17.3396737557871,51.86467375578674
2021-07-01,15266.6,15264.354166666664,-12.036895978009529,14.282729311345651
2021-08-01,15206.3,15290.641666666665,-9.533684172453897,-74.80798249421143
2021-09-01,15163.8,15319.099999999997,-91.99006438078722,-63.309935619210236
2021-10-01,15367.1,15345.02083333333,41.73285228587991,-19.653685619209845
2021-11-01,15693.4,15367.329166666665,401.8023835358798,-75.73155020254478
2021-12-01,15801.5,15385.904166666665,565.4392324942133,-149.84339916087868
2022-01-01,15361.4,15405.345833333331,-61.68394458912065,17.738111255789256
2022-02-01,15351.8,15428.283333333333,-238.6051685474535,162.12183521411993
2022-03-01,15352.2,15449.808333333332,-220.03941333912047,122.43108000578871
2022-04-01,15327.2,15465.558333333332,-232.68042896412027,94.32209563078851
2022-05-01,15352.1,15476.441666666666,-125.06519458912057,0.7235279224552329
2022-06-01,15495.1,15484.766666666666,-17.3396737557871,27.67300708912104
2022-07-01,15517.9,15494.2375,-12.036895978009529,35.69939597800989
2022-08-01,15505.5,15502.904166666664,-9.533684172453897,12.129517505790384
2022-09-01,15381.2,15507.841666666665,-91.99006438078722,-34.65160228587739
2022-10-01,15527.7,15512.916666666664,41.73285228587991,-26.94951895254342
2022-11-01,15794.0,15522.312499999998,401.8023835358798,-130.114883535878
2022-12-01,15900.7,15530.920833333334,565.4392324942133,-195.6600658275462
2023-01-01,15489.5,15535.404166666667,-61.68394458912065,15.779777922453498
2023-02-01,15431.7,15537.383333333333,-238.6051685474535,132.92183521412102
2023-03-01,15390.8,15538.866666666669,-220.03941333912047,71.97274667245114
2023-04-01,15410.4,15541.370833333334,-232.68042896412027,101.7095956307856
2023-05-01,15494.4,15544.591666666667,-125.06519458912057,74.87352792245305
2023-06-01,15559.4,15548.85,-17.3396737557871,27.889673755786372
2023-07-01,15561.2,15550.2125,-12.036895978009529,23.02439597801062
2023-08-01,15509.7,15546.658333333333,-9.533684172453897,-27.424649160878225
2023-09-01,15412.6,15542.974999999999,-91.99006438078722,-38.384935619210964
2023-10-01,15556.4,15541.829166666665,41.73285228587991,-27.162018952544877
2023-11-01,15842.6,15541.379166666664,401.8023835358798,-100.58155020254333
2023-12-01,15954.3,15540.987499999997,565.4392324942133,-152.12673249421152
2024-01-01,15468.6,15540.016666666665,-61.68394458912065,-9.732722077543592
2024-02-01,15367.3,15537.845833333331,-238.6051685474535,68.05933521412175
2024-03-01,15366.8,15536.487499999997,-220.03941333912047,50.35191333912229
2024-04-01,15406.9,15535.508333333331,-232.68042896412027,104.07209563078851
2024-05-01,15487.1,15533.324999999999,-125.06519458912057,78.84019458912202
2024-06-01,15557.3,15532.037499999997,-17.3396737557871,42.60217375578965
2024-07-01,15540.0,15534.07083333333,-12.036895978009529,17.966062644679955
2024-08-01,15478.8,,-9.533684172453897,
2024-09-01,15410.9,,-91.99006438078722,
2024-10-01,15534.6,,41.73285228587991,
2024-11-01,15812.0,,401.8023835358798,
2024-12-01,15954.0,,565.4392324942133,
2025-01-01,15517.7,,-61.68394458912065,
