date,observed,trend,seasonal,residual
1992-01-01,12784.3,,-61.68369140625049,
1992-02-01,12581.9,,-238.6049153645833,
1992-03-01,12543.3,,-220.03916015624998,
1992-04-01,12632.0,,-232.68017578124983,
1992-05-01,12735.4,,-125.06494140624994,
1992-06-01,12819.7,,-17.33968098958286,
1992-07-01,12799.8,12828.333333333334,-12.039420572916868,-16.4939127604178
1992-08-01,12805.1,12835.495833333334,-9.533430989583564,-20.862402343750375
1992-09-01,12778.3,12844.579166666666,-91.98981119791699,25.71064453124984
1992-10-01,12884.5,12853.354166666666,41.733105468749955,-10.587272135416015
1992-11-01,13141.0,12862.833333333332,401.80263671875014,-123.63597005208226
1992-12-01,13405.4,12874.079166666666,565.4394856770834,-34.11865234375023
1993-01-01,12842.9,12888.670833333332,-61.68369140625049,15.912858072918368
1993-02-01,12695.2,12906.899999999998,-238.6049153645833,26.904915364586202
1993-03-01,12648.0,12927.6875,-220.03916015624998,-59.64833984375002
1993-04-01,12737.9,12950.425,-232.68017578124983,20.155175781250193
1993-05-01,12857.0,12975.05,-125.06494140624994,7.014941406250671
1993-06-01,12968.0,13002.158333333331,-17.33968098958286,-16.81865234374817
1993-07-01,13001.7,13028.970833333331,-12.039420572916868,-15.231412760413434
1993-08-01,13040.7,13054.491666666665,-9.533430989583564,-4.258235677080677
1993-09-01,13041.6,13083.900000000001,-91.98981119791699,49.6898111979159
1993-10-01,13166.9,13117.779166666665,41.733105468749955,7.387727864584349
1993-11-01,13449.6,13153.070833333333,401.80263671875014,-105.27347005208298
1993-12-01,13747.4,13189.754166666668,565.4394856770834,-7.793652343751319
1994-01-01,13144.4,13228.3875,-61.68369140625049,-22.303808593750603
1994-02-01,13006.2,13269.025,-238.6049153645833,-24.220084635415617
1994-03-01,13042.8,13311.954166666666,-220.03916015624998,-49.115006510417174
1994-04-01,13156.2,13356.95,-232.68017578124983,31.93017578124983
1994-05-01,13285.7,13406.425000000001,-125.06494140624994,4.339941406249579
1994-06-01,13419.7,13458.9625,-17.33968098958286,-21.92281901041605
1994-07-01,13477.2,13510.7625,-12.039420572916868,-21.523079427083132
1994-08-01,13540.5,13560.070833333335,-9.533430989583564,-10.037402343751467
1994-09-01,13572.1,13603.783333333335,-91.98981119791699,60.30647786458269
1994-10-01,13716.3,13644.325,41.733105468749955,30.24189453124859
1994-11-01,14087.6,13683.808333333334,401.80263671875014,1.989029947915924
1994-12-01,14370.3,13721.479166666664,565.4394856770834,83.38134765625159
1995-01-01,13764.7,13756.199999999997,-61.68369140625049,70.18369140625413
1995-02-01,13569.3,13787.270833333332,-238.6049153645833,20.634082031250443
1995-03-01,13528.8,13815.033333333333,-220.03916015624998,-66.1941731770836
1995-04-01,13643.2,13839.5625,-232.68017578124983,36.31767578125056
1995-05-01,13746.3,13861.466666666665,-125.06494140624994,9.898274739583883
1995-06-01,13863.2,13880.3625,-17.33968098958286,0.17718098958431483
1995-07-01,13867.0,13895.2375,-12.039420572916868,-16.198079427082405
1995-08-01,13896.4,13907.7375,-9.533430989583564,-1.8040690104160717
1995-09-01,13882.5,13922.5375,-91.98981119791699,51.95231119791663
1995-10-01,13994.6,13937.608333333334,41.733105468749955,15.258561197916833
1995-11-01,14335.0,13953.850000000002,401.80263671875014,-20.65263671875232
1995-12-01,14576.4,13973.233333333332,565.4394856770834,37.72718098958444
1996-01-01,13915.6,13993.504166666666,-61.68369140625049,-16.220475260414844
1996-02-01,13718.4,14014.858333333332,-238.6049153645833,-57.85341796874883
1996-03-01,13734.9,14036.283333333333,-220.03916015624998,-81.34417317708323
1996-04-01,13798.8,14060.3125,-232.68017578124983,-28.832324218750898
1996-05-01,13980.5,14087.925,-125.06494140624994,17.63994140625067
1996-06-01,14094.2,14117.454166666666,-17.33968098958286,-5.914485677082837
1996-07-01,14122.5,14145.06666666667,-12.039420572916868,-10.527246093752467
1996-08-01,14153.4,14169.545833333334,-9.533430989583564,-6.612402343750375
1996-09-01,14139.7,14193.729166666666,-91.98981119791699,37.96064453125166
1996-10-01,14314.1,14218.55,41.733105468749955,53.81689453125114
1996-11-01,14678.2,14241.541666666666,401.80263671875014,34.85569661458453
1996-12-01,14941.9,14261.379166666668,565.4394856770834,115.08134765624868
1997-01-01,14212.8,14279.979166666666,-61.68369140625049,-5.495475260416299
1997-02-01,14008.7,14298.275,-238.6049153645833,-50.97008463541562
1997-03-01,14025.0,14316.049999999997,-220.03916015624998,-71.01083984374748
1997-04-01,14104.4,14333.025,-232.68017578124983,4.0551757812498295
1997-05-01,14226.7,14350.233333333332,-125.06494140624994,1.5316080729189139
1997-06-01,14324.1,14368.079166666666,-17.33968098958286,-26.6394856770832
1997-07-01,14339.0,14386.629166666668,-12.039420572916868,-35.58974609375065
1997-08-01,14376.0,14405.158333333331,-9.533430989583564,-19.624902343747465
1997-09-01,14343.7,14421.929166666667,-91.98981119791699,13.760644531250932
1997-10-01,14517.5,14437.974999999999,41.733105468749955,37.7918945312515
1997-11-01,14887.8,14455.858333333332,401.80263671875014,30.13902994791738
1997-12-01,15160.6,14474.841666666667,565.4394856770834,120.31884765624977
1998-01-01,14439.3,14494.520833333334,-61.68369140625049,6.462858072915822
1998-02-01,14226.9,14514.0375,-238.6049153645833,-48.532584635417436
1998-03-01,14209.3,14533.333333333334,-220.03916015624998,-103.99417317708469
1998-04-01,14305.2,14552.095833333333,-232.68017578124983,-14.215657552082291
1998-05-01,14455.1,14569.545833333334,-125.06494140624994,10.619108072916731
1998-06-01,14551.3,14586.975000000002,-17.33968098958286,-18.33531901042005
1998-07-01,14584.1,14606.025,-12.039420572916868,-9.885579427082405
1998-08-01,14599.3,14629.7125,-9.533430989583564,-20.8790690104168
1998-09-01,14583.5,14657.566666666668,-91.98981119791699,17.923144531249477
1998-10-01,14728.0,14687.545833333332,41.733105468749955,-1.2789388020817114
1998-11-01,15096.1,14717.80833333333,401.80263671875014,-23.510970052080438
1998-12-01,15370.6,14747.570833333331,565.4394856770834,57.58968098958553
1999-01-01,14686.5,14778.129166666666,-61.68369140625049,-29.945475260415208
1999-02-01,14548.2,14809.191666666668,-238.6049153645833,-22.386751302083496
1999-03-01,14556.5,14839.708333333334,-220.03916015624998,-63.16917317708396
1999-04-01,14677.5,14870.879166666666,-232.68017578124983,39.30100911458413
1999-05-01,14809.1,14903.2375,-125.06494140624994,30.927441406251035
1999-06-01,14911.6,14936.991666666663,-17.33968098958286,-8.051985677079927
1999-07-01,14957.2,14971.883333333333,-12.039420572916868,-2.643912760415617
1999-08-01,14971.7,15003.774999999998,-9.533430989583564,-22.541569010413525
1999-09-01,14943.5,15033.645833333332,-91.98981119791699,1.843977864584872
1999-10-01,15116.1,15065.266666666663,41.733105468749955,9.100227864587623
1999-11-01,15484.6,15094.725,401.80263671875014,-11.927636718750136
1999-12-01,15792.2,15120.691666666666,565.4394856770834,106.06884765625159
2000-01-01,15102.3,15144.4875,-61.68369140625049,19.49619140625049
2000-02-01,14897.8,15167.099999999997,-238.6049153645833,-30.69508463541416
2000-03-01,14923.8,15190.166666666664,-220.03916015624998,-46.32750651041499
2000-04-01,15069.1,15211.799999999997,-232.68017578124983,89.98017578125274
2000-05-01,15124.5,15233.270833333332,-125.06494140624994,16.294108072917822
2000-06-01,15219.4,15253.429166666665,-17.33968098958286,-16.689485677082473
2000-07-01,15220.5,15269.125,-12.039420572916868,-36.58557942708313
2000-08-01,15251.1,15283.170833333334,-9.533430989583564,-22.537402343749648
2000-09-01,15217.7,15295.841666666669,-91.98981119791699,13.84814453124875
2000-10-01,15361.1,15299.374999999998,41.733105468749955,19.99189453125223
2000-11-01,15754.9,15297.895833333334,401.80263671875014,55.20152994791556
2000-12-01,16005.7,15298.533333333335,565.4394856770834,141.72718098958262
2001-01-01,15265.5,15295.462500000001,-61.68369140625049,31.721191406249034
2001-02-01,15071.7,15288.604166666666,-238.6049153645833,21.70074869791796
2001-03-01,15054.0,15280.320833333333,-220.03916015624998,-6.281673177083235
2001-04-01,15023.7,15268.908333333331,-232.68017578124983,-12.528157552080472
2001-05-01,15134.4,15253.770833333332,-125.06494140624994,5.694108072917459
2001-06-01,15224.8,15232.149999999998,-17.33968098958286,9.989680989584315
2001-07-01,15141.4,15206.283333333331,-12.039420572916868,-52.843912760414526
2001-08-01,15165.6,15180.658333333333,-9.533430989583564,-5.52490234374892
2001-09-01,15104.4,15156.691666666668,-91.98981119791699,39.69814453124911
2001-10-01,15200.5,15138.3875,41.733105468749955,20.379394531249318
2001-11-01,15552.2,15122.824999999999,401.80263671875014,27.572363281251683
2001-12-01,15689.5,15105.479166666666,565.4394856770834,18.5813476562505
2002-01-01,14960.9,15089.979166666668,-61.68369140625049,-67.39547526041775
2002-02-01,14761.3,15074.791666666666,-238.6049153645833,-74.8867513020835
2002-03-01,14789.2,15056.716666666667,-220.03916015624998,-47.47750651041645
2002-04-01,14849.2,15039.329166666666,-232.68017578124983,42.55100911458413
2002-05-01,14935.4,15023.179166666665,-125.06494140624994,37.28577473958461
2002-06-01,15007.5,15009.258333333331,-17.33968098958286,15.581347656251467
2002-07-01,14986.7,14998.058333333332,-12.039420572916868,0.6810872395851106
2002-08-01,14955.8,14987.025000000001,-9.533430989583564,-21.69156901041862
2002-09-01,14880.4,14974.550000000001,-91.98981119791699,-2.1601888020844626
2002-10-01,15007.2,14961.458333333332,41.733105468749955,4.008561197918652
2002-11-01,15357.9,14949.499999999998,401.80263671875014,6.597363281251319
2002-12-01,15549.7,14937.7375,565.4394856770834,46.523014322918016
2003-01-01,14831.9,14925.262499999999,-61.68369140625049,-31.678808593748784
2003-02-01,14625.5,14915.295833333334,-238.6049153645833,-51.190917968750284
2003-03-01,14625.6,14909.891666666666,-220.03916015624998,-64.25250651041608
2003-04-01,14698.6,14907.025000000001,-232.68017578124983,24.255175781248738
2003-05-01,14799.0,14903.05833333333,-125.06494140624994,21.006608072919278
2003-06-01,14861.6,14897.083333333332,-17.33968098958286,-18.143652343748897
2003-07-01,14833.2,14894.0625,-12.039420572916868,-48.823079427082405
2003-08-01,14870.1,14895.708333333334,-9.533430989583564,-16.07490234375001
2003-09-01,14836.4,14902.404166666667,-91.98981119791699,25.985644531249477
2003-10-01,14982.4,14913.091666666665,41.733105468749955,27.57522786458435
2003-11-01,15287.5,14925.287499999997,401.80263671875014,-39.59013671874686
2003-12-01,15476.7,14939.816666666662,565.4394856770834,-28.55615234374477
2004-01-01,14832.4,14955.616666666663,-61.68369140625049,-61.532975260413025
2004-02-01,14664.5,14969.908333333333,-238.6049153645833,-66.80341796874956
2004-03-01,14747.3,14981.724999999997,-220.03916015624998,-14.385839843747476
2004-04-01,14833.4,14993.0125,-232.68017578124983,73.06767578124874
2004-05-01,14956.9,15007.591666666667,-125.06494140624994,74.37327473958243
2004-06-01,15052.4,15024.570833333331,-17.33968098958286,45.1688476562511
2004-07-01,15021.6,15040.6875,-12.039420572916868,-7.048079427082769
2004-08-01,15024.7,15057.491666666667,-9.533430989583564,-23.258235677082496
2004-09-01,14965.4,15073.870833333332,-91.98981119791699,-16.481022135415856
2004-10-01,15124.3,15089.754166666666,41.733105468749955,-7.187272135416379
2004-11-01,15495.5,15106.833333333332,401.80263671875014,-13.135970052082257
2004-12-01,15676.2,15124.408333333331,565.4394856770834,-13.647819010413741
2005-01-01,15019.7,15144.85,-61.68369140625049,-63.46630859374915
2005-02-01,14880.5,15168.470833333335,-238.6049153645833,-49.365917968751376
2005-03-01,14924.4,15190.170833333332,-220.03916015624998,-45.73167317708214
2005-04-01,15037.5,15207.708333333332,-232.68017578124983,62.47184244791771
2005-05-01,15162.7,15224.641666666665,-125.06494140624994,63.123274739586066
2005-06-01,15268.4,15243.116666666665,-17.33968098958286,42.62301432291753
2005-07-01,15296.2,15260.699999999999,-12.039420572916868,47.53942057291869
2005-08-01,15317.0,15275.166666666666,-9.533430989583564,51.366764322917504
2005-09-01,15193.9,15289.641666666665,-91.98981119791699,-3.7518554687479764
2005-10-01,15316.7,15301.870833333332,41.733105468749955,-26.90393880208171
2005-11-01,15709.5,15308.445833333331,401.80263671875014,-0.7484700520815295
2005-12-01,15905.6,15312.09583333333,565.4394856770834,28.064680989587714
2006-01-01,15212.3,15313.24583333333,-61.68369140625049,-39.262141927080904
2006-02-01,15035.1,15312.55833333333,-238.6049153645833,-38.85341796874701
2006-03-01,15117.2,15312.270833333332,-220.03916015624998,24.968326822918584
2006-04-01,15138.2,15314.02083333333,-232.68017578124983,56.859342447920255
2006-05-01,15219.8,15318.3875,-125.06494140624994,26.477441406248488
2006-06-01,15298.9,15323.054166666665,-17.33968098958286,-6.814485677082473
2006-07-01,15293.3,15328.816666666666,-12.039420572916868,-23.477246093749557
2006-08-01,15303.4,15337.474999999999,-9.533430989583564,-24.541569010415344
2006-09-01,15200.6,15348.35,-91.98981119791699,-55.76018880208301
2006-10-01,15352.0,15360.995833333332,41.733105468749955,-50.72893880208244
2006-11-01,15779.0,15376.079166666665,401.80263671875014,1.1181966145852584
2006-12-01,15948.1,15392.083333333332,565.4394856770834,-9.422819010415196
2007-01-01,15308.1,15407.166666666666,-61.68369140625049,-37.38297526041521
2007-02-01,15147.1,15423.170833333334,-238.6049153645833,-37.46591796874992
2007-03-01,15266.2,15439.916666666668,-220.03916015624998,46.322493489582826
2007-04-01,15292.7,15454.258333333333,-232.68017578124983,71.12184244791734
2007-05-01,15427.3,15467.604166666666,-125.06494140624994,84.76077473958316
2007-06-01,15475.5,15482.470833333333,-17.33968098958286,10.368847656250011
2007-07-01,15478.7,15494.854166666668,-12.039420572916868,-4.114746093750284
2007-08-01,15502.1,15501.820833333333,-9.533430989583564,9.812597656250716
2007-09-01,15403.8,15503.033333333333,-91.98981119791699,-7.243522135416583
2007-10-01,15493.0,15498.829166666666,41.733105468749955,-47.56227213541638
2007-11-01,15958.3,15488.62083333333,401.80263671875014,67.87652994791847
2007-12-01,16125.6,15474.758333333331,565.4394856770834,85.40218098958553
2008-01-01,15427.8,15458.979166666666,-61.68369140625049,30.5045247395837
2008-02-01,15194.6,15439.05833333333,-238.6049153645833,-5.85341796874701
2008-03-01,15247.8,15413.541666666662,-220.03916015624998,54.29749348958683
2008-04-01,15210.2,15382.870833333332,-232.68017578124983,60.00934244791807
2008-05-01,15264.8,15339.62083333333,-125.06494140624994,50.24410807291855
2008-06-01,15305.3,15281.908333333331,-17.33968098958286,40.7313476562511
2008-07-01,15270.2,15218.629166666668,-12.039420572916868,63.61025390625008
2008-08-01,15232.5,15153.108333333332,-9.533430989583564,88.92509765625181
2008-09-01,15061.0,15083.5125,-91.98981119791699,69.47731119791626
2008-10-01,15099.7,15011.604166666664,41.733105468749955,46.36272786458653
2008-11-01,15313.6,14942.483333333334,401.80263671875014,-30.68597005208335
2008-12-01,15385.2,14875.3625,565.4394856770834,-55.601985677081984
2009-01-01,14649.5,14807.775,-61.68369140625049,-96.59130859374915
2009-02-01,14400.4,14741.204166666665,-238.6049153645833,-102.19925130208168
2009-03-01,14371.7,14678.216666666667,-220.03916015624998,-86.47750651041645
2009-04-01,14360.5,14617.341666666664,-232.68017578124983,-24.161490885413684
2009-05-01,14455.6,14561.054166666667,-125.06494140624994,19.61077473958352
2009-06-01,14503.6,14511.595833333333,-17.33968098958286,9.343847656250375
2009-07-01,14449.8,14471.508333333331,-12.039420572916868,-9.668912760415253
2009-08-01,14455.2,14441.616666666667,-9.533430989583564,23.116764322917504
2009-09-01,14326.6,14419.908333333333,-91.98981119791699,-1.318522135415492
2009-10-01,14373.1,14405.912499999999,41.733105468749955,-74.54560546874814
2009-11-01,14689.3,14395.508333333333,401.80263671875014,-108.01097005208408
2009-12-01,14822.5,14386.304166666665,565.4394856770834,-129.2436523437484
2010-01-01,14250.1,14380.045833333334,-61.68369140625049,-68.26214192708272
2010-02-01,14082.4,14376.733333333334,-238.6049153645833,-55.72841796875065
2010-03-01,14168.7,14374.99583333333,-220.03916015624998,13.74332682292004
2010-04-01,14227.6,14378.629166666666,-232.68017578124983,81.6510091145845
2010-05-01,14338.8,14387.549999999997,-125.06494140624994,76.31494140625176
2010-06-01,14399.5,14398.458333333332,-17.33968098958286,18.38134765625074
2010-07-01,14403.7,14410.916666666664,-12.039420572916868,4.822753906253354
2010-08-01,14421.8,14423.975,-9.533430989583564,7.358430989582473
2010-09-01,14318.3,14436.299999999997,-91.98981119791699,-26.01018880208119
2010-10-01,14468.6,14451.154166666667,41.733105468749955,-24.287272135416742
2010-11-01,14807.9,14468.833333333332,401.80263671875014,-62.73597005208262
2010-12-01,14965.7,14487.366666666667,565.4394856770834,-87.1061523437495
2011-01-01,14405.9,14508.599999999999,-61.68369140625049,-41.01630859374842
2011-02-01,14240.0,14530.349999999999,-238.6049153645833,-51.74508463541525
2011-03-01,14306.9,14551.404166666665,-220.03916015624998,-24.46500651041572
2011-04-01,14445.9,14571.933333333332,-232.68017578124983,106.64684244791698
2011-05-01,14544.8,14593.9375,-125.06494140624994,75.92744140624922
2011-06-01,14638.3,14617.920833333334,-17.33968098958286,37.718847656248556
2011-07-01,14674.5,14641.65,-12.039420572916868,44.88942057291723
2011-08-01,14673.0,14663.2375,-9.533430989583564,19.295930989584292
2011-09-01,14572.4,14682.516666666666,-91.98981119791699,-18.126855468749795
2011-10-01,14707.2,14699.487500000001,41.733105468749955,-34.02060546875032
2011-11-01,15097.4,14714.658333333335,401.80263671875014,-19.060970052085167
2011-12-01,15251.8,14727.854166666668,565.4394856770834,-41.493652343752046
2012-01-01,14689.3,14736.991666666669,-61.68369140625049,13.992024739581154
2012-02-01,14474.7,14744.620833333332,-238.6049153645833,-31.315917968748465
2012-03-01,14534.9,14753.587500000001,-220.03916015624998,1.3516601562481583
2012-04-01,14625.2,14763.75,-232.68017578124983,94.13017578125056
2012-05-01,14729.6,14778.1,-125.06494140624994,76.56494140624994
2012-06-01,14770.2,14794.104166666668,-17.33968098958286,-6.564485677084292
2012-07-01,14761.9,14806.020833333334,-12.039420572916868,-32.081412760417436
2012-08-01,14768.7,14817.366666666665,-9.533430989583564,-39.13323567708068
2012-09-01,14691.9,14829.054166666665,-91.98981119791699,-45.16435546874834
2012-10-01,14831.6,14840.1375,41.733105468749955,-50.27060546875032
2012-11-01,15317.4,14852.2625,401.80263671875014,63.33486328124877
2012-12-01,15415.9,14868.195833333335,565.4394856770834,-17.735319010418834
2013-01-01,14811.2,14889.670833333334,-61.68369140625049,-16.78714192708236
2013-02-01,14625.1,14914.80833333333,-238.6049153645833,-51.10341796874701
2013-03-01,14665.0,14940.924999999997,-220.03916015624998,-55.885839843747476
2013-04-01,14761.1,14967.754166666664,-232.68017578124983,26.026009114586316
2013-05-01,14884.7,14993.649999999996,-125.06494140624994,16.114941406254673
2013-06-01,14997.5,15021.312499999996,-17.33968098958286,-6.472819010413502
2013-07-01,15050.0,15049.866666666663,-12.039420572916868,12.172753906253718
2013-08-01,15083.9,15074.35833333333,-9.533430989583564,19.075097656253263
2013-09-01,15003.5,15098.454166666663,-91.98981119791699,-2.9643554687457936
2013-10-01,15163.9,15124.612499999997,41.733105468749955,-2.4456054687477717
2013-11-01,15606.6,15150.899999999996,401.80263671875014,53.89736328125423
2013-12-01,15790.6,15176.354166666666,565.4394856770834,48.806347656250864
2014-01-01,15121.8,15201.195833333333,-61.68369140625049,-17.71214192708345
2014-02-01,14902.3,15223.491666666665,-238.6049153645833,-82.5867513020824
2014-03-01,14966.1,15243.925,-220.03916015624998,-57.78583984374893
2014-04-01,15087.8,15265.2875,-232.68017578124983,55.19267578124874
2014-05-01,15188.9,15286.329166666666,-125.06494140624994,27.635774739583155
2014-06-01,15304.2,15304.795833333334,-17.33968098958286,16.74384765625001
2014-07-01,15339.5,15323.712500000001,-12.039420572916868,27.826920572915412
2014-08-01,15329.5,15346.170833333335,-9.533430989583564,-7.13740234375183
2014-09-01,15248.3,15370.554166666667,-91.98981119791699,-30.264355468750523
2014-10-01,15431.8,15393.7625,41.733105468749955,-3.6956054687514097
2014-11-01,15843.7,15416.779166666667,401.80263671875014,25.11819661458344
2014-12-01,15996.7,15439.854166666668,565.4394856770834,-8.593652343750591
2015-01-01,15369.7,15461.508333333333,-61.68369140625049,-30.124641927081996
2015-02-01,15193.4,15482.354166666666,-238.6049153645833,-50.34925130208313
2015-03-01,15260.2,15501.383333333333,-220.03916015624998,-21.144173177082507
2015-04-01,15350.7,15519.062500000002,-232.68017578124983,64.31767578124874
2015-05-01,15478.4,15536.25,-125.06494140624994,67.21494140624958
2015-06-01,15568.5,15551.729166666666,-17.33968098958286,34.1105143229168
2015-07-01,15594.9,15567.312500000004,-12.039420572916868,39.626920572912866
2015-08-01,15574.4,15585.741666666669,-9.533430989583564,-1.8082356770854062
2015-09-01,15460.1,15606.704166666668,-91.98981119791699,-54.61435546875089
2015-10-01,15644.3,15627.862500000001,41.733105468749955,-25.295605468751774
2015-11-01,16043.7,15646.958333333336,401.80263671875014,-5.0609700520851675
2015-12-01,16168.2,15665.391666666668,565.4394856770834,-62.631152343750955
2016-01-01,15572.2,15684.333333333336,-61.68369140625049,-50.44964192708454
2016-02-01,15433.2,15703.562499999998,-238.6049153645833,-31.75758463541416
2016-03-01,15523.5,15723.145833333332,-220.03916015624998,20.393326822917857
2016-04-01,15595.2,15741.266666666665,-232.68017578124983,86.61350911458595
2016-05-01,15692.2,15756.345833333333,-125.06494140624994,60.91910807291782
2016-06-01,15797.1,15770.158333333331,-17.33968098958286,44.281347656252194
2016-07-01,15820.9,15786.679166666665,-12.039420572916868,46.260253906251535
2016-08-01,15809.9,15801.904166666665,-9.533430989583564,17.529264322917868
2016-09-01,15694.6,15810.008333333331,-91.98981119791699,-23.418522135414037
2016-10-01,15844.7,15813.8125,41.733105468749955,-10.845605468749227
2016-11-01,16205.2,15815.774999999998,401.80263671875014,-12.377636718747226
2016-12-01,16338.2,15815.79583333333,565.4394856770834,-43.03531901041265
2017-01-01,15798.7,15813.8375,-61.68369140625049,46.54619140625158
2017-02-01,15572.1,15809.987499999997,-238.6049153645833,0.717415364586202
2017-03-01,15579.1,15804.604166666664,-220.03916015624998,-5.4650065104139
2017-04-01,15630.9,15798.14583333333,-232.68017578124983,65.43434244791916
2017-05-01,15703.6,15795.720833333331,-125.06494140624994,32.94410807291928
2017-06-01,15786.2,15792.962499999998,-17.33968098958286,10.57718098958577
2017-07-01,15784.8,15783.454166666663,-12.039420572916868,13.385253906253354
2017-08-01,15753.6,15775.474999999997,-9.533430989583564,-12.341569010412798
2017-09-01,15621.7,15772.17083333333,-91.98981119791699,-58.48102213541222
2017-10-01,15762.6,15770.279166666665,41.733105468749955,-49.41227213541492
2017-11-01,16229.1,15769.924999999997,401.80263671875014,57.372363281252774
2017-12-01,16248.1,15768.870833333332,565.4394856770834,-86.21031901041556
2018-01-01,15660.6,15765.733333333335,-61.68369140625049,-43.44964192708454
2018-02-01,15518.7,15762.437499999998,-238.6049153645833,-5.132584635414162
2018-03-01,15553.2,15757.625000000002,-220.03916015624998,15.614160156248886
2018-04-01,15611.4,15749.795833333332,-232.68017578124983,94.28434244791771
2018-05-01,15714.6,15741.058333333332,-125.06494140624994,98.60660807291782
2018-06-01,15749.9,15732.370833333332,-17.33968098958286,34.86884765625001
2018-07-01,15745.8,15723.891666666665,-12.039420572916868,33.947753906251535
2018-08-01,15713.5,15713.80833333333,-9.533430989583564,9.225097656252899
2018-09-01,15546.3,15699.762499999999,-91.98981119791699,-61.472688802082644
2018-10-01,15650.1,15683.504166666666,41.733105468749955,-75.13727213541529
2018-11-01,16131.9,15664.779166666664,401.80263671875014,65.31819661458599
2018-12-01,16136.8,15645.908333333333,565.4394856770834,-74.54781901041702
2019-01-01,15568.4,15629.087499999998,-61.68369140625049,0.9961914062523078
2019-02-01,15368.9,15612.15,-238.6049153645833,-4.645084635416708
2019-03-01,15365.9,15596.845833333331,-220.03916015624998,-10.906673177081416
2019-04-01,15408.5,15585.7875,-232.68017578124983,55.392675781249466
2019-05-01,15468.1,15574.445833333333,-125.06494140624994,18.719108072917095
2019-06-01,15543.5,15563.545833333334,-17.33968098958286,-2.7061523437507162
2019-07-01,15548.5,15554.454166666665,-12.039420572916868,6.085253906252262
2019-08-01,15504.3,15546.2,-9.533430989583564,-32.36656901041789
2019-09-01,15388.2,15537.166666666666,-91.98981119791699,-56.97685546874834
2019-10-01,15542.8,15434.083333333332,41.733105468749955,66.9835611979172
2019-11-01,15967.0,15256.829166666668,401.80263671875014,308.3681966145816
2019-12-01,16040.1,15131.5125,565.4394856770834,343.1480143229162
2020-01-01,15446.9,15051.1,-61.68369140625049,457.48369140624976
2020-02-01,15292.3,14991.94166666667,-238.6049153645833,538.9632486979133
2020-03-01,15225.7,14945.837500000001,-220.03916015624998,499.90166015624925
2020-04-01,13074.7,14905.437500000002,-232.68017578124983,-1598.0573242187513
2020-05-01,13547.8,14866.14583333333,-125.06494140624994,-1193.280891927081
2020-06-01,14456.2,14827.224999999995,-17.33968098958286,-353.6853190104113
2020-07-01,14705.9,14794.641666666668,-12.039420572916868,-76.70224609375174
2020-08-01,14927.1,14767.270833333334,-9.533430989583564,169.36259765625
2020-09-01,14858.9,14746.5625,-91.98981119791699,204.32731119791663
2020-10-01,15102.5,14819.766666666668,41.733105468749955,241.0002278645818
2020-11-01,15464.3,14966.491666666665,401.80263671875014,96.00569661458417
2020-12-01,15608.7,15066.383333333331,565.4394856770834,-23.122819010414105
2021-01-01,15096.3,15124.0625,-61.68369140625049,33.92119140624976
2021-02-01,14986.0,15159.058333333334,-238.6049153645833,65.54658203124899
2021-03-01,15035.0,15183.395833333332,-220.03916015624998,71.64332682291786
2021-04-01,15022.3,15207.124999999998,-232.68017578124983,47.85517578125092
2021-05-01,15121.6,15227.695833333333,-125.06494140624994,18.969108072917095
2021-06-01,15279.8,15245.274999999998,-17.33968098958286,51.864680989584315
2021-07-01,15266.6,15264.354166666662,-12.039420572916868,14.285253906254809
2021-08-01,15206.3,15290.641666666665,-9.533430989583564,-74.80823567708177
2021-09-01,15163.8,15319.099999999999,-91.98981119791699,-63.31018880208228
2021-10-01,15367.1,15345.020833333332,41.733105468749955,-19.65393880208171
2021-11-01,15693.4,15367.329166666665,401.80263671875014,-75.7318033854151
2021-12-01,15801.5,15385.904166666667,565.4394856770834,-149.8436523437506
2022-01-01,15361.4,15405.345833333333,-61.68369140625049,17.737858072917277
2022-02-01,15351.8,15428.283333333333,-238.6049153645833,162.12158203124972
2022-03-01,15352.2,15449.808333333332,-220.03916015624998,122.43082682291822
2022-04-01,15327.2,15465.558333333332,-232.68017578124983,94.32184244791807
2022-05-01,15352.1,15476.441666666668,-125.06494140624994,0.7232747395827914
2022-06-01,15495.1,15484.766666666666,-17.33968098958286,27.6730143229168
2022-07-01,15517.9,15494.237500000001,-12.039420572916868,35.70192057291541
2022-08-01,15505.5,15502.904166666665,-9.533430989583564,12.129264322918232
2022-09-01,15381.2,15507.841666666664,-91.98981119791699,-34.651855468745794
2022-10-01,15527.7,15512.916666666666,41.733105468749955,-26.949772135415287
2022-11-01,15794.0,15522.312499999998,401.80263671875014,-130.11513671874832
2022-12-01,15900.7,15530.920833333332,565.4394856770834,-195.66031901041447
2023-01-01,15489.5,15535.404166666667,-61.68369140625049,15.779524739583337
2023-02-01,15431.7,15537.383333333333,-238.6049153645833,132.9215820312508
2023-03-01,15390.8,15538.866666666669,-220.03916015624998,71.97249348958064
2023-04-01,15410.4,15541.37083333333,-232.68017578124983,101.7093424479188
2023-05-01,15494.4,15544.591666666667,-125.06494140624994,74.87327473958243
2023-06-01,15559.4,15548.85,-17.33968098958286,27.889680989582132
2023-07-01,15561.2,15550.2125,-12.039420572916868,23.02692057291796
2023-08-01,15509.7,15546.658333333333,-9.533430989583564,-27.424902343748556
2023-09-01,15412.6,15542.974999999999,-91.98981119791699,-38.38518880208119
2023-10-01,15556.4,15541.829166666666,41.733105468749955,-27.162272135416742
2023-11-01,15842.6,15541.379166666666,401.80263671875014,-100.58180338541547
2023-12-01,15954.3,15540.9875,565.4394856770834,-152.12698567708344
2024-01-01,15468.6,15540.016666666663,-61.68369140625049,-9.732975260411934
2024-02-01,15367.3,15537.845833333333,-238.6049153645833,68.05908203124972
2024-03-01,15366.8,15536.487499999996,-220.03916015624998,50.351660156253615
2024-04-01,15406.9,15535.508333333333,-232.68017578124983,104.07184244791625
2024-05-01,15487.1,15533.324999999999,-125.06494140624994,78.8399414062514
2024-06-01,15557.3,15532.04583333333,-17.33968098958286,42.593847656252194
2024-07-01,15540.0,15534.162499999999,-12.039420572916868,17.876920572918323
2024-08-01,15478.8,,-9.533430989583564,
2024-09-01,15410.9,,-91.98981119791699,
2024-10-01,15534.6,,41.733105468749955,
2024-11-01,15812.0,,401.80263671875014,
2024-12-01,15954.2,,565.4394856770834,
2025-01-01,15519.5,,-61.68369140625049,
