ts1,ts2,ts3,ts4,ts5,ts6,ts7,ts8,ts9
-0.101696610304626,-0.420307420817199,-2.17610783059667,0.336583577999456,1.25717352176078,0.824183527370858,0.524147246236148,0.673934747640603,2.42207514028033
-1.80590235372116,-0.17294153201757,1.40380235335352,-2.17920208717489,0.974301942007089,0.40888938388401,0.506436985037499,-0.648829570809373,-1.68206718634984
-1.32391494017175,0.321031289208398,-2.65790607144435,-0.517925064018638,-0.994985462131009,-0.0802478472103442,0.0651346257720491,2.10452507967124,-0.142652982560526
0.102952142319157,-0.0359977812620778,0.582345066917993,-1.31741669380469,1.72517783809367,0.884110526831552,1.47967876658432,-2.11849328263217,1.00715208391234
1.11763818410455,-0.40539676728019,-0.346723792788135,-0.984887003505027,-0.30260431114966,-0.480846199114409,2.87969151222711,1.84811920654709,-1.56794169450948
0.365122734785083,0.37680325580325,2.81373294116267,2.00919487402369,0.40215328031112,-0.0508193310322918,0.65470433871981,-0.0369693991086533,0.555845680108589
0.130414354077438,-1.05051026754638,-1.55512031684553,0.814276893533274,0.117301436528897,-0.758273936261053,-0.868707036829202,-1.91136410560666,2.89527084469719
0.482877994484839,0.829447889265689,2.98562139993513,0.660833984003483,0.956739131721572,0.693956687743348,0.37433015421739,1.32569057000936,-2.06819777041685
-1.07125503094065,-0.581416918317541,-1.59435428793803,1.20348614892713,-2.22460656537749,-0.509784764155302,2.01135319528217,-1.08271242338349,1.96209788348954
1.89339169324056,-0.0117772985866503,2.08009939359426,-1.23919681485574,-1.36255375128076,1.00628719241929,0.319713968916042,2.37909718500159,-1.33138911695585
0.702125194848143,0.592760376552143,-0.209143978720854,-1.06281506136197,1.06485620122702,-0.474770775219974,0.571666353137979,-2.03467798710424,1.0570360086677
1.08484801443126,-2.53111634423657,-1.9161477322667,-0.840788999320928,1.41680392872053,1.59956265044428,-1.17020897439454,1.97718065853856,-0.841587651393256
3.3952054556882,1.89910817196084,-0.527574657627743,0.337107891248548,-0.654201029656288,-1.06338026545425,-0.696207074094904,-1.10358511287594,-0.283496425766757
2.36912802645129,-1.61080453123205,1.34881977418388,0.085397307301768,0.318654254325565,-1.11716133542474,-1.10957623128722,0.0139006860675921,-0.637227040405583
1.0687147572448,-0.277970415023103,-3.22522438511461,1.92989426294996,0.814768156476309,0.373730820219027,-1.59466000651772,-0.39507189495654,0.821038996026267
-0.766994610283546,-0.626310737269212,4.41292277416721,1.59056343656836,-0.267407565500759,1.89408147569505,-1.8885990456346,0.842766690570945,-0.190165142673397
-1.301297560243,-0.986323733001904,-3.238928315687,0.139926087570932,-0.224146457549548,-0.178919422898608,-2.34765912688575,-0.199046150595739,0.035454637615231
-0.599932735039079,1.17761951513597,4.1875051462109,-0.512421211566691,-0.983997572299104,-0.669841729044329,-2.06302066102738,-1.68184040130148,0.348147692092367
-0.680099232090675,-0.299963216691216,-4.77269265216053,-1.08296916011639,-0.291370515640794,-0.507909331198511,-1.04127783668473,1.76469234419381,-1.21954298672014
0.382575488908489,0.728723903571646,3.41839080344382,-2.27047292427721,0.595614749135889,-1.51494660600735,0.104694251571652,-0.426486774261755,0.498037503447775
-0.834469848983839,-0.256623468805621,-4.381987607937,-2.0087786654109,0.888596918385119,-1.37199379676962,1.38444893225399,-0.831695357588887,-0.192295420956757
1.40263562858758,-0.277719290144718,3.54810120223501,-0.377303954566904,-1.75661746511976,-2.13166688312975,-0.142530032004417,0.372694345788221,-0.705252150360874
-0.569099700687049,1.63995990766486,-3.15287453700779,0.992551845102396,1.60556434847448,1.71097915582091,-1.47802570580812,0.414223826865366,1.08715053305176
0.304265921385998,-1.08340232932484,3.46552885672942,0.980121245730677,1.08068217124285,-0.357007245744515,-0.65842811207288,0.132408339621805,-2.06213417317021
-0.48212039582306,-0.297210148411025,-2.24380964615519,0.0455444613800965,0.0351945488794929,-1.33126278759771,-0.277457228392708,0.580517819231937,0.208452543707621
-1.50687560850777,-0.27682335700245,2.62494139619052,1.11042352588976,-1.31537768275497,0.852205073274101,-1.89700532299759,0.141810871319991,0.985243391361776
-0.469688801495923,0.973577626969163,-2.9864306560196,-1.5465216697396,-0.0327837108711607,-0.419985237943349,-2.84936745787283,-0.565522643987127,-0.299235533555943
-1.71660556776877,-0.0245956249674962,2.22403931590844,-2.65943894256131,-0.500312171986399,1.51486093388824,-1.3344097258171,1.84679783467374,-0.426617676340587
0.0535768698447756,-1.80255166523827,-2.57502430321956,-0.684202138088783,0.482183789993674,-2.25632972773428,-0.182849401341931,-2.66892457022267,0.62175629456738
0.99825720447554,2.78750779177145,1.74221476726199,0.95138992302268,-0.686270003476312,0.256944411771836,-0.615339888966613,2.33803656588291,1.82902345737882
1.77225557223859,-0.703260723479463,-1.21510400832474,0.835544527771743,-1.31641993451224,0.423616514381675,0.0506548020785068,-2.11171788063731,-1.63662700869676
2.34839626791065,0.952404122259136,0.710585802744961,-1.20011835687717,0.827223601308462,-0.27060910151279,-1.03189052380361,1.05095651934879,0.580572670603472
0.563115307872921,0.0599200804591888,-0.461462089094568,-0.153836281438655,0.238314408204476,-1.67915673286058,0.012736052465946,-2.37454880228869,0.757060568598002
-0.0789955762554052,0.861036885717528,0.439369802885689,-0.344053099646862,-0.0457815761514728,2.67040786316545,3.10858205751818,2.36181642745361,-1.09599007350796
-1.56864957224616,-0.912155488990053,0.425849662032572,-0.294983547919789,1.39173527019235,-2.40404229661218,1.21995491258757,-3.98148195380754,0.138380646225871
0.348938978888437,2.56015552403414,-0.709047454816485,-2.43741260239271,0.272428517948025,2.42399630766402,-1.06210264232876,2.86631656889459,0.590775105457487
-0.266269643979312,-1.90138172193941,2.51049495614743,-1.36819405876569,0.202700587452524,-2.05730959694814,-0.686324538353917,-2.64523563978889,-0.0269638926838151
-0.0035300299925011,1.41199792911039,-1.93580953158072,-0.458304361082718,-0.354990462093377,-0.928034916272313,-1.11198667494667,2.03353190103803,-0.100951465955917
0.869467582754226,-0.144052393579086,0.938375735284908,-0.318764771869977,-1.15306866646041,-0.381242592545632,0.726432581844466,0.518430878147388,-0.127477248830563
0.940248504214664,1.67555618059501,-1.46705019970362,-0.427722253711043,-0.769443204167576,0.140533662535196,2.51504709489864,-0.502904403847845,-0.0273648391689508
0.841016508562014,-1.0703773344814,-0.278187277531486,-0.987267340470762,0.700475019915471,-0.135661680542719,0.255436284446084,-0.34400036495582,-0.084309341912166
-0.807501031222315,0.68196245461154,1.66684923636618,0.786573148055732,1.16330209163172,-0.423976366776362,-1.40130809460919,0.947763873464663,-0.442336789009775
-0.565948225863758,-0.876239308033708,-0.39391356784365,1.26080246703666,-0.136944874844993,0.836365644097932,-0.864165473659675,-1.32836480861282,0.494213876284339
0.805097411063299,-2.18604890865255,1.65468359358272,0.594863846541456,-0.557220188509328,-0.0047768158170327,-0.0993705287623901,-0.0200255931396972,-0.98487562003701
0.761750071595958,-0.201244351912183,0.42884057899072,-1.77188728137217,0.19824995125428,-0.512451745153535,2.66076496317245,-0.0685827592207303,0.526931463078046
1.44806619108451,2.59023901334779,-0.475020575846806,-1.76761404351365,0.116776481323184,1.01146858466127,1.2909694700667,0.304860350918244,-1.63452528372813
1.35241185439769,-0.00836085964990141,-0.966797322047973,-0.366896186845902,-0.837097348993996,-0.281180188003876,1.04380577455526,0.371961459133361,0.463322883183467
-0.155372959502022,-0.105244442231913,-0.717084555411931,1.0181975932718,0.926758841604024,-2.72015472652155,-0.385014414832308,-1.54090318740323,-1.75166860703713
-0.770071923922112,1.06610571299008,-0.562193831983724,1.70525591917719,0.952163824535575,2.36798859224181,-0.190183681008598,1.20158233247014,1.7773339581682
-0.429825742527974,-0.342594255829211,-0.104654615209322,-0.114327515510939,-0.338534295331774,0.54194921590146,0.0783418865934742,0.573337844158037,-3.29819764423515
0.379656008068972,-0.199205073026219,-0.23409733058171,-1.15183809221851,-0.336500407845749,0.760682966639632,0.390530950587844,-0.973673437009463,5.00216518875408
0.828928806300097,0.215063624581907,-1.78935575595674,0.772889650399461,1.51962434408384,-0.219499032724747,-1.30857100503299,1.00432626909834,-2.79863947369866
0.893886282943306,-0.661395282746841,1.11000336893903,-2.33195537514287,1.07262105966601,0.164373816865717,-0.0575554872648316,1.0956566524764,2.4568769132055
1.82000555461763,1.16324100046985,0.458260700373368,-0.172135551715827,-0.549432535756565,0.497485063146535,-0.448924200574079,-2.17130215625269,-2.07800824087464
-0.237681349451499,-1.96473952592032,-0.461053371462208,-0.311860727631996,0.156912438674155,-1.15026472558698,-1.5127205935171,0.611070044896902,2.50561898791967
-2.56953916584579,0.620461165407394,-0.437789079024773,-2.79045946124332,0.386196537483203,-0.372367884397059,-1.164891557518,1.29351705659319,-2.1294613138737
-2.18733274168623,-0.000982357396547062,0.0528621859229687,-2.47699002984127,-2.97673407086116,2.1728721781423,-0.494785159335831,-1.02166423174216,3.57426395759859
-1.4910980375703,0.892366740679389,0.461897038543755,-0.0461454329394576,1.85108107114749,-0.715895499266635,-0.275812861528527,1.48335667445232,-3.70502273110751
0.971315264909517,0.642747900363445,-1.19016705516809,0.451484715304382,-1.77850053949479,0.969544870198184,-1.32029278087599,-0.806203981420775,2.88228701216507
0.0749043383096589,-1.24120066708429,1.34949833522025,-0.449237667121169,1.58066884475871,0.215216037775184,-1.02279982740683,-0.969012576263458,-2.01509286584606
-0.0543313583991232,0.637756071712279,-1.7382217087169,-0.0864268083401322,-1.02451577164913,-1.2936828290678,-0.681461682265519,0.805153199404209,1.8938387995853
-0.773668538215593,-0.938558875659339,1.30434882883295,-0.646201888430302,-0.94858220049483,-0.453538188448286,-0.334013128732974,1.50548827155068,-2.04198796706994
-1.20852954576099,1.42524709537866,-0.533299826984557,-0.70277287286651,0.373007399623486,1.79579813075503,-0.787141419206063,-3.0218428536917,-0.663762380648269
-2.92128441688075,-1.73479550205378,-1.05707726406594,-0.350053530800143,1.57617324435107,-2.43344623083044,0.239096669647098,2.5018326201872,1.00779338417795
-1.99597678976228,0.307684223829152,0.0833029513186993,-0.406517929194957,-1.73396652529906,0.335946433421634,1.2397911003313,-2.32431765886038,-0.236111742340385
-0.000608512306875975,1.22206802929603,-2.22276650618424,1.88978333270174,-0.0551399792254958,0.0094105458305826,1.26820063783215,1.55807447978245,-0.358872932937804
-0.545522343566838,-2.13586663331363,1.94625781011586,2.09392699576345,-1.66484223322426,0.103851920567091,0.637041383897776,-0.968584711994583,0.603292438982815
1.23688799251949,1.39486666197656,-1.4629129555272,0.859790163810134,1.69119678298671,0.906964992189062,1.68414808053712,-1.07371884947774,-0.176385290862941
-0.125394366821388,-0.760780054336859,1.83151096568691,0.815565173040193,-0.798985212071688,-0.0480213970265135,1.28427028385934,0.928895573255989,0.157801767852289
-0.730136024086533,-0.867792105207295,-3.65647803002077,-0.0274066604498377,-0.433226997749236,-0.644936960851343,0.142695238957122,-0.563024335504249,1.91021058977628
-1.48596107686608,-0.57609404295938,2.74265843061732,-0.173569185469014,-0.790378930930018,0.465783075694416,1.03433507106855,-0.0155662582142335,-2.00069492688807
0.727062528988989,-0.130371858651067,-1.61224378584289,0.0358299149979087,1.02928941238553,-0.868978524694324,-0.359552442437559,2.22115155770519,2.40438034288046
0.568787885520808,1.26073956518345,1.68071044432987,-0.532962822380977,-2.05399114305886,-1.03082646945059,-1.21612160133382,-0.664475444271027,-2.34712760929048
-0.776847945238583,-0.403253005225956,0.43189471824456,-0.476299704375271,0.150371444137274,-0.326114078870701,-2.28305268509369,-0.0136699070092341,2.98063123664268
-0.389398804134093,-0.934586087981994,0.970631074956109,0.471531171619413,0.582416975810923,-0.106739800268794,-1.54365709608363,-0.761194395714074,-0.786429569504608
-0.219146572485469,1.19874686183261,1.66604183888927,0.634159412743484,-0.56485114602231,-1.23510365889399,0.279296105453196,1.42365581502465,1.37911941215185
1.19460290882769,0.0899713548332132,0.131319555137498,-1.17174168058551,1.04181280761643,-0.468031152509853,1.88232136043285,0.0657793014908765,-0.125035413394761
-0.394767657425422,-0.188212631612406,0.500431170273536,0.670301130988607,0.337174373961476,-0.294831314082405,1.99038143025221,-1.58346627158283,0.248182343321631
-1.24596714561386,-0.297387187928609,-0.346239388207209,0.184073791451826,-0.404701232887745,0.305546116349666,0.0883948980752642,2.01745375305686,1.26982802858793
0.385655125403521,1.63426516872202,0.746033219986338,-0.068920220275812,-0.0860806013485141,-0.317794475907409,-1.33129697208733,-0.262204579066662,-1.8258673424275
0.81916812353069,-1.71236649532132,-0.134007137467964,1.10781268880603,-0.228972021350746,0.913087959959388,-1.07261689928273,-1.26856227864902,1.29965789016099
-0.49523683936493,0.518364432738011,0.467343145418082,1.10797720866306,-1.06491391636318,-0.0303994346529462,0.300746687913826,2.13742193139894,-0.282505021413134
1.46844846878983,-0.164022685953139,-1.31415925380381,-0.551078924132276,1.98195628254324,-0.0888419449385937,2.34581865766739,-2.81788695348666,0.575397218745268
0.824453933065625,-0.94824100887255,1.20851367326796,-1.43272492342518,0.441893625928968,2.12894343017858,3.19622564208102,0.508505671787019,-1.78464084993103
-0.0133520337025277,-0.498725520782165,-0.98358099842952,-0.177663776156732,-1.70563155967142,-0.868731181088877,2.11274141440814,0.160176700479801,1.36925907846458
-1.05935715187911,0.104224591314957,0.525806796765286,-0.238979061501376,2.65098049790807,-0.92509397098808,-0.684279680874328,0.537067783151956,-0.914325919263762
-2.36681933146895,1.43336305519449,-0.8094781890558,0.868356482953776,-0.737544563965028,1.91472536431692,-3.08768896898837,-2.13798497302674,0.474623730655488
-2.67976445510365,-3.17830393597855,0.029490185975038,2.43857626139669,-0.301735265182876,-1.04924943399249,-3.43141368452971,4.16905065801551,0.272559185644315
-2.1619114094098,0.755393581399432,-0.650028078750169,0.43924456819369,-1.18695898874457,-0.970747905824525,-2.38700575723421,-4.24487733193404,-0.412386386881112
-0.864239612848718,0.570581409515415,1.02620571181672,-0.249956410961964,-0.144656374440285,-0.185995479776399,-1.86682229890815,2.53919094136352,1.12413664691232
0.258306111844557,0.67675883405181,1.24189174173623,0.448206124797601,0.832706206811043,-0.726406237119275,-2.06870971052052,-2.98160934051237,-0.148467266538236
-0.125577770631871,-1.33975875609924,-0.0190052424442965,-0.231404451674294,-0.550951281043744,0.141761635477954,-2.20465510241255,1.88813941921485,-0.641818333452067
0.979568865231994,1.15587452525505,0.865278927538806,0.963353212462112,-0.791018566640959,0.554048306727503,-1.6615950282178,-0.327358117579495,0.996278120390242
0.726795601643462,-0.30281684246336,1.64986756623052,0.508498454301549,1.2124865839351,2.23045373293821,-1.11572260580026,0.0320319553617626,-1.55732438477394
-0.963839426836151,-1.340459678525,-0.828395221948512,2.34207083239231,1.59975660207882,0.188834073429071,-2.0746356134901,-0.191355009762413,2.04947720527118
-0.558304703133944,1.13103655089554,1.53352128630897,0.595605184713316,0.590042326107617,0.00707145630887351,-0.947946476209459,-1.06795516290307,-2.18940216528972
-1.54061005471832,0.587338395652314,-0.437047123689408,-1.2689250188769,-0.313056179471444,1.11566923050329,-1.33423248152775,0.431676061204562,2.62915461980569
0.73036989934381,-1.43875669274026,-0.674023188529931,-0.129411725213471,-0.622248411587552,-2.64613755628437,-2.51852746922946,1.25929785729849,-3.87434090002232
0.701468286714956,0.0303130221005764,1.21340070073167,0.686777655520764,0.12548533978474,-0.336549866407927,-1.06559768061351,-1.99439486014486,5.26263039508318
1.57493438309703,1.788147646833,0.27819532845623,0.245130293538109,0.379508964489905,-2.35221824542429,1.45879623865985,-0.495655245506051,-6.44657553085239
-0.410667948705307,0.171777171211649,-0.276555103589805,0.00265988115430463,-0.356281122870127,1.6493302853902,3.56747765545441,-0.0166683991042906,5.28376104859809
-0.637931357103078,0.507863835810598,-0.803238965733778,-1.10248202718429,-0.732823384086136,-0.263282395108505,2.99686982179827,-0.252298941893868,-4.25255008604299
-0.631077277133401,-0.319088492296972,0.167751727821863,-3.49396294103244,-1.05977053545795,-0.443014376683352,1.37008445474029,1.10997844569433,2.77687898017296
-2.21988408722088,-0.353597856465891,-0.285561221656026,-1.5309907812791,1.29822334984045,0.626655584559633,-0.935115220864326,0.319808059270654,-1.97874949532372
-1.24948032287667,0.813506340357615,2.21305472342792,-1.10829232276565,-0.756669243218816,0.0990804632876991,-1.00515498450681,0.123488920654754,0.126238164104348
0.536894337451911,-0.451508354399037,-1.34220552407038,-0.760360685258638,-0.177758494988587,0.413913686931893,-1.49488297385885,-1.46193198368819,-0.598790744321512
-1.22719490150098,-0.154242962196894,0.164874205540083,1.85490174942714,-1.0984068386804,0.330085222571694,-1.59025099006175,-0.174297312731563,-2.07036703404222
-0.660286891860381,0.534831401907746,1.4676301420321,1.01223489930788,1.23834662907563,-0.883553780419938,-1.08785793156854,1.30527514738851,1.92329698351967
-0.550591053032037,0.822076524564215,-1.06768759079119,-0.121272798310896,0.831047237967398,0.722605212426783,-0.393711786002882,0.609340694687569,-3.62255584166449
-0.618618345732281,-2.74094197426783,-0.968000645311164,0.275455098897664,-1.40659634604756,-1.54287214216427,-1.40152161973537,-2.088213085101,3.22240373326409
-0.949967373405697,-0.942920495808617,0.545047891318356,-0.393908284924691,2.1698603479104,0.519415202155165,-0.558250841864387,0.798186503471088,-3.52936255149526
-1.33883657086405,-0.020123717640401,-0.921518142220026,-0.720264630030264,-1.46739550160447,-0.396292919194911,-0.00432247867397118,0.8190266835513,3.87840563228966
-1.09820421047251,0.528676147425639,-0.681962579289059,1.69807502106914,-0.14310450893101,-0.476833066449719,1.79639263642725,-0.781711067176687,-4.25531192916453
-1.93848558929327,-1.00769968757778,-1.74675051275623,0.091578780444115,-0.080119705692353,0.795730937995771,2.98657512504825,0.36036067078854,3.87149963797416
-0.718345721156537,2.1404780260691,-0.221065579198655,-0.37712565579958,0.554683552097503,-0.530773862628236,3.29255685714996,0.556567871014088,-2.85375184323802
-0.404188981602735,-0.802060102279664,1.49109825833726,0.00399752550273643,1.39794594174105,-1.05830145452712,3.85533438975217,-0.547887766395007,1.23433579797619
-1.58115019013452,-0.612538680433511,-0.711280263733822,0.830728571764471,-0.913873372707036,0.812335212551332,3.52563728884666,0.533060596613265,-0.938096210029987
-0.847580464692998,0.539841078644548,-0.344775726838597,2.59752223892038,-0.120879335799811,-0.071276472801658,2.89735886328499,-1.50880180042685,0.133193191684355
-2.15591729315892,-0.125259177847163,-1.07656451524772,0.476058812080847,-1.32546186690389,-0.340268916753052,1.7074901409025,1.28703742663969,-0.570618920482529
-1.21044203180479,-0.936781965508408,0.629555409017285,-0.663456623111892,0.473955738195631,0.129272382830872,0.0695409978626025,-2.03896023428,1.77772208303193
0.156053087777044,0.856952307361565,-0.496284934287767,-1.74595910974677,-0.558854637002054,0.322084158504407,-1.1600606436758,1.14300045261505,-1.11341628557065
0.0247262224153411,1.53914921912682,0.189419657181634,-0.846802007790363,0.897294791775792,-0.526610743344865,-1.82630880071923,0.186895378405105,3.07649997340233
-0.704889244335371,-0.888807331355651,-0.491184099858896,-0.753369466157144,0.655308242983592,1.8861748070678,-2.2171348841872,1.22860896437712,-2.32848448180717
-1.70267692587924,-0.0274349901697741,1.11202062952459,-0.981378604013619,-1.36236284827035,-2.44880769937959,-2.24682682910529,-0.0463943670834661,2.55606675444995
-1.86713824575891,0.0301760949891603,-0.910758013509381,-0.93412770741404,0.350187922464944,1.290514949259,-3.32660560812211,-0.736424500391438,-3.84780978218911
0.62862851380159,0.265470661328937,-0.403054255547733,-0.00907141899483088,-0.589787084284833,-0.460195810226767,-1.75494415203874,-0.285708790214703,5.8963533178565
-0.695816493847695,0.287267143379112,-1.36236758249195,-0.327917439009442,-0.689424022864826,0.036299191387786,0.614778018273043,-0.592379442286072,-5.74737318360231
-0.446500774615032,-0.952198794747004,0.103644946199892,-0.562904141113237,1.32966290419139,0.847439323103663,1.33417273546322,0.182258538288469,3.56537092537605
-1.26249929028756,-0.194411476534816,-1.50975294383959,-1.61685898001334,1.20878304495743,-0.616672629331502,1.76091734792615,1.34249525150702,-1.79255294428165
0.306798957846117,0.791883214246785,0.447600344188502,-2.42353740640852,-1.08251278198637,1.11386067375553,1.19084501002998,-1.18353865368618,0.52986517042549
-0.530996012866353,0.178275007924154,1.33136265482981,-1.30234328282318,1.05638061194707,-0.329997493944386,-0.552824531745557,1.10551213093027,0.0211830603047192
-2.18137337029379,-0.0646682777050326,0.871552790894598,-1.0840186381018,-1.85813680901649,0.0344676230531729,0.369663673152871,0.413624512252279,0.103208575598063
-0.155418985693788,-2.52100924857363,0.151109887179893,-0.114200025558158,2.11590945188335,0.151923108091717,0.774615065223879,1.07599778289046,0.410809640377631
0.557025854798871,2.16689326590479,0.240111850210252,-0.614751217792331,-0.485366926477811,2.17357949049695,1.38100232012587,-2.32544379252651,-1.41126349273117
-0.0418257318881557,-1.1841699210627,-0.941178697289118,0.499899390180027,0.0310507561944623,-0.702059154914978,1.91199544036272,2.266997775194,1.84638573036443
-0.626527718555145,-0.613168190366063,1.6098256052414,-0.241070685555698,-0.702783262909998,0.681353848661045,2.13908303426946,-1.53613786469921,-2.86868648213266
-1.57743896570765,0.43182854128044,-0.279447441312631,0.735725012176992,0.712350585240285,0.372751932307577,0.673818476766832,2.34216496395444,3.38637020024751
0.232032875856038,-0.0463578933560301,3.89346486067248,-0.820265150524117,-1.07218798795026,-0.149828615808318,-0.84739996734208,-3.70474238450912,-3.01924345439182
0.587381841736798,2.85884816660096,1.12199964293209,0.805615960245813,1.3109214720509,1.27448295708411,-1.7126825106006,1.91767307021148,2.91951327430684
0.373618083914101,-2.1443081316253,-0.680766549261236,0.606711116200164,-2.51365737886019,-0.729734154483671,0.280167860027911,1.1591991922978,-2.58421900017805
-0.297750056787966,2.4649928538922,-0.1743618835991,-0.330085750690782,0.430349908091277,1.49154895068354,0.161208540973377,-0.735003572797953,-0.0735279758979716
-0.298503409064881,-1.91583365957289,-1.63331035391891,1.07531648230279,-1.11800551332916,-2.71236310324015,0.67812416747731,1.12157794579245,-1.19724357247382
-0.491049543453968,0.724699994309154,1.79316369544048,0.671961785627863,-0.0228660190948781,1.66075896244851,2.41026867855536,-1.5809304781362,0.890312260335931
-1.43999845782306,-0.954048623987376,0.914392296565916,0.477938457980232,-0.34888449877118,-1.96454588765609,-0.353200215592788,1.19949213089545,-2.98733026165942
-0.944140137299341,0.0199223576639736,0.789632716672155,0.532611342585361,-0.440885901775473,0.373734111726662,-1.99787782421057,-0.874993041450346,1.78627799010156
0.604644924286931,0.486040919297367,-0.0438019970380399,0.414268972377363,0.733793027005806,1.73508062242188,-1.45003878161447,0.754076088902014,-0.994487930263195
0.969967622027418,-1.06962656497847,2.17090950519625,0.859863167306873,-0.221682654454098,0.0224636241068124,-0.739328108429554,-0.938304407659594,-1.01816824014687
1.6104075826102,0.890917996562024,-0.794378754853958,1.06954319002052,-0.21742898863254,0.835106474439923,-1.82154586141038,0.628985813311008,2.02043100053778
1.41302221593172,-1.28329175992109,-0.0040882199130936,-0.685961268550531,-0.516920615871726,0.859939195994569,-1.66293264975921,0.225672035503605,-2.38229723083089
2.25177722295645,1.09407095630719,-0.227705917140334,-0.822546706888099,-1.1054245753676,-0.781172762629233,-0.2512250943923,-0.576046444066814,3.54315920436897
1.40568388112426,-0.333841354181839,-0.186678185146202,0.161292429813564,-0.17761577915309,0.451021639250366,1.18642433442013,0.887556878833633,-3.2759626534338
2.61009641954365,-0.137110087325023,0.21309514907977,-1.19498660970054,0.449981773589363,-1.83146043414653,2.46980535339754,-1.40640796304662,2.16012403623129
1.20712315959732,0.0252908628715501,0.766200282342704,-1.26655808253272,-2.31482404467563,1.87518188060101,0.685940356852676,0.00400398392378154,-1.45666796125508
0.507484587919098,1.8375279849456,-0.135170661333755,1.20836527200328,1.00471134081704,-0.564742164120299,-0.611513468561927,-0.688421456665855,1.59770165938239
-0.618303163210324,0.162040317815339,2.77579719998091,1.45796528856799,0.979496293395909,1.43181550022141,-1.16992742970351,0.910720297714608,-1.3502230002101
-2.01654917743427,-0.407327458216213,-2.51856022015438,0.605330293093441,0.232926141139299,-0.56451441886456,-4.02831493823237,0.44042245642192,0.239585986913757
-0.8509176672535,1.40949864109275,2.7152923046742,0.299191237877592,-0.460418098954176,-0.635778214997292,-3.95772951245016,-1.1933584894819,0.500120698591704
-0.659800178568847,-0.140777208554462,-0.358388731177874,0.791394539809498,-1.76610406744101,-0.490993724426454,-1.84494705282477,0.142258469578008,-2.79955110313705
-2.05571988867924,-0.0548701585910518,0.109985122057641,0.975663062432554,1.03286682543243,0.885649808772564,0.622771874099459,-1.31025589171128,3.08465133720657
-0.17279955820359,-0.277318571165769,-0.517060876026131,0.182532372807946,1.88290307002633,-1.6519313045799,1.59811678018345,-0.0272119872399849,-2.51330204903299
0.970473918125162,-1.57713894966077,0.00147922531390327,0.0262861451498946,1.12424776805176,1.13144178298891,0.245654134484279,1.26828184234171,2.45976928930014
1.49163684718867,0.876885682060571,0.423604071976989,0.879400577385521,-1.56629908726064,-0.591224381003516,0.490674566736558,-1.32210204553402,-0.982495089442808
0.935641690852934,-0.618592155004352,0.692714909957046,-0.442042796142234,-0.0894893047748813,0.749114451288854,0.85628634178792,1.36822427518922,-0.480770894254596
1.45451879600144,0.565787263835217,2.56796013344839,0.33937428741344,-1.16480490433083,-1.84009673783371,0.160353982067623,-0.914049031946052,-1.45532414999172
2.97730621089511,0.910276819625485,-1.62631066683145,-0.874927047005668,1.10653349757564,-0.0230154000808712,-2.14927932655999,0.500993250812678,0.247227784578515
2.68252214480503,-1.67675084822483,2.54777361179949,-1.41353052353378,-1.52076868572453,0.505068998609799,-1.01661676015448,0.15574908638003,0.250792962043483
0.679207551078539,2.52011750576765,-2.6045823446211,-0.0543649510543619,-0.182693661701834,1.70915940300006,0.72467960767372,-0.300775380750653,-1.19051011681366
1.23516372421428,-3.09683858416853,2.27061609964194,1.43183236300505,1.55123844471569,1.81859926631659,-0.37951899336081,-2.47642344785983,0.566985748619789
-1.18893967360322,1.07610188394286,-1.36444447937478,0.406915725638505,0.321091162176451,-1.05475191158283,-0.105362151849193,2.17293441984838,-0.10733250454708
-1.61511765187307,-1.34010810043256,1.06151030981105,-0.321911511086302,0.535439703100978,1.6017556730097,-0.338609831185762,-1.6607240876081,-0.276278069343669
-0.267287644538425,-0.751303062535481,-1.24816457477423,0.535745410756363,0.904905543732282,-1.51831124107253,-0.311072150475487,-0.54674548719143,0.912040091096587
0.751800409635262,1.03957755421425,0.202176829525145,1.23442818255726,-1.00440960027282,0.849871466161653,-0.339377511382625,1.91911152783736,0.257060521119163
1.81842754634571,-0.440368698475868,-0.224359113876484,-0.389681067886758,-0.816622555532846,-0.282216177367818,0.0548200998157011,-1.40082946625497,-0.973491806884259
1.52764776216303,0.405031530826001,1.29411231507429,-0.830262694857233,0.828898265608214,-0.935168506693137,-0.972889603245965,1.32901815267492,1.1387258261934
-0.753811109412375,-1.54354262853441,-0.105593772617203,-1.5444619934641,-0.0196445002865501,0.80856032438362,-0.903236318794175,0.0335715107648913,-1.65742614143439
-1.44736371121858,0.672218325114782,1.37789057425925,-1.01167499502339,-2.25330738132167,0.00296601199794927,-1.28864423746819,-0.93278548524802,0.637465482196158
-0.0881373275243074,-0.482605210767812,0.0322929758782703,0.948163442387895,1.17498751575539,0.221384076518353,-1.12738624957959,0.0607220169888074,-1.0115090068443
0.385109373672183,0.641789401787919,-0.548438865891485,0.497902515912479,-0.0523069088684645,0.897739201526622,-0.577161155212222,0.123214503365855,0.804577755388308
1.03526255415976,-0.130021462147199,0.796095232886987,-0.804648013081771,2.79529195700715,0.969803879367977,-1.24343728768262,2.77367162830979,-0.20869094057816
0.236014570379645,-0.34751824497555,-0.118631658421632,0.321590396663504,-1.16091204866511,-0.884457178977522,-1.83249660912645,-3.76446134210761,0.461674564635298
0.538259252837764,0.215537621845422,1.42787269613471,0.409413157643359,-0.0495732629254113,-1.0802354235335,-0.0849389214405283,4.18014941475461,-0.0718808978854751
0.943136686357913,-0.92138642953656,-1.40491917460799,0.498402542035378,-0.0259835803653334,0.0560385135957072,1.89398180379506,-2.30837322685176,0.814854961581942
1.48531375116068,-0.331411798344321,-0.679322101881597,0.485542657907622,0.692787035413387,0.303065792812682,2.35065245013357,0.277364963374059,-0.206870587942808
1.02196385814423,0.745286932025307,-0.410840101860221,0.698286911927381,-2.91655597432502,-0.374271280484724,1.63305021463278,-0.0245371358148806,0.0171836371486803
0.826522873743484,1.41144313727729,-0.00410122197993118,0.251333293145329,1.2990805786821,2.03203369576215,2.50838008604644,-0.514842281566107,0.337483038647682
0.864464686751042,0.163755124881576,-1.03456257363967,-0.10377136928572,1.38650620715653,-1.94503085888425,2.08301292021791,2.17301841089269,-0.902879572105339
1.67238784192113,0.0109619483853497,0.749542584736346,-0.518835682458977,-0.0993835073358266,1.732915907693,1.85840403700067,-4.06683800941352,-1.17010739803728
2.20946576717056,0.341546848760729,-0.293900514052066,0.697321353093933,-0.596290336477681,-2.0413628804509,0.203551668937161,1.69722943763783,2.6915750709671
1.38024339831436,1.16845864447216,1.48649369184039,0.708896314860198,0.0173715917799773,0.466807657138345,0.735052884267379,0.666944359102186,-2.09538653006708
0.751051670430201,-1.18568032693396,-1.86197260106807,0.58020386056277,1.43982124320681,-1.34467288873926,1.08069041264603,-2.56146756645747,0.0308507992657511
0.179437817359493,0.937487462997606,1.08894833264287,-0.947578314099466,-0.575798626682095,1.39367476681419,0.624933496980672,0.980993096307247,-0.52632155406566
-2.75952402680475,-0.692532687429405,-1.27850736478165,-0.801957795565266,0.15883884886656,-0.154356870190882,2.18292914381894,-1.82195545519348,-0.0794057882807273
-2.08476269278286,0.354023715888559,-1.8042326408958,0.216230354758609,-0.0263525079130348,0.0793606345539056,1.58321673532359,1.29099261151286,0.603700862816119
-1.13225100456216,-1.64963917355993,1.06562168878823,1.17061284139233,1.21213594938578,-0.978083212747313,0.249547864368303,-0.104815138942087,-0.166813002715096
-0.740130257473188,-0.25743851360594,-1.90865534244014,-0.295669015731339,-0.150571747503458,0.2583225071075,1.88250762083982,-1.80388545600656,-0.777505684540692
-1.38547208382596,-0.386280106167688,2.09410570081097,-2.28261779390966,-1.27320615678664,-0.496730934477278,1.02775991997147,2.31438864457771,0.831491500796241
-2.51356647358078,2.86569096642849,-1.93059335614097,-1.37886761754758,1.28679357932447,0.847470515042352,3.94604827051709,-1.77940134704885,-1.3697094161929
-0.028023510340571,-2.35808210648528,1.89604391327378,0.184279004427817,-1.61682341044478,-2.33100489670354,3.62463558511658,0.69260594872321,0.438997686536582
-1.20621284232498,1.46368165953214,-2.33331757684553,-0.0750349026963719,2.00012387554037,1.36298677111849,-0.0113614740496573,0.560228211832192,0.220056476133928
0.244908904505201,-0.46640517471179,2.94917487450768,-1.31333785861077,0.275414852586383,-0.278400549978987,-0.962179870412361,-0.182532869502268,-1.22248274249232
